Sender,Subject,Body
Team Unstop <noreply@dare2compete.news>,=?utf-8?q?=5BHiring=5D_500+_openings_at_Google-_Across_all_experience_levels!?=,
"""Adobe Acrobat"" <mail@mail.adobe.com>","=?utf-8?B?VW5kZXJzdGFuZCBjb250cmFjdHMgQVNBUCB3aXRoIEFjcm9iYQ==?=
 =?utf-8?B?dCBBSSBBc3Npc3RhbnQ=?=","

View web version:
https://t-info.mail.adobe.com/r/?id=t44200fa2,ff0266ee,c04d5586&e=cDE9JTQwYkgwRHg0TUFpSzk2aUR6M2NuUkRPT0hKSGIlMkZkc003eEJrZm9DOVFFSUpVJTNE&s=xGekMlrV7llraMk3FW8F79orUc9v7DQdYLrZDj1dcOs

Unfortunately, your email client cannot display HTML or your
settings are turned off. To view this email, please click or
copy and paste the link above into your browser.
******************************************************************
This is a marketing email from
Adobe Systems Software Ireland Limited, 4-6 Riverwalk,
Citywest Business Park, Dublin 24, Ireland.
Click on the following link to unsubscribe, or send us an unsubscribe request to the postal address above:  https://t-info.mail.adobe.com/r/?id=t44200fa2,ff0266ee,c04d5587&e=cDE9JTQwTWxGNFp1VjZJbGEzMTh0bW13MlYlMkZsMTdlQnV4SldadEdRQjVpQTR5TkEwJTNEJnAyPSZsb2M9aWUmcDM9MjU&s=8ZWnRZudIECgxTHTbjaKd2j9a0UYImeSWetCKbcb_WA  
To ensure future delivery of email, please add
mail@mail.adobe.com to your address book,
contacts, or safe senders list.
https://t-info.mail.adobe.com/r/?id=t44200fa2,ff0266ee,c04d5588
Your privacy is important to us. Please review the
Adobe Privacy Policy:
https://t-info.mail.adobe.com/r/?id=t44200fa2,ff0266ee,c04d5589
Please do not reply to this message. To contact Adobe, find options online:
https://t-info.mail.adobe.com/r/?id=t44200fa2,ff0266ee,c04d558a
Registered office: Adobe Systems Software Ireland Limited,
4-6 Riverwalk, Citywest Business Park, Dublin 24, Ireland.
Registered number: 344992
"
Udemy <hello@students.udemy.com>,How do you like to learn? [Courses on sale now],"Learn from your sofa. Learn from the bus. On mobile, laptop or both. Pick a course and pick your way to get ahead.














        Udemy   Udemy   
( https://ablink.students.udemy.com/ls/click?upn=u001.MPWQNoKfOWucilOG4GS8ljn8XOB2-2FWb4C6mdz6rNETAGJ2CwJA1Coyw30WDRXdwbIe5vOYE-2Be694OJh1oCO-2FnP3nNKgq4OPSeUc-2FEnEz-2BMRXarqJnrPghATmnLzIYNMcjR-2BiAomu4UTa21UINi1e15Zqs-2FDS7V2IcXwfD-2Fk2HRYy9adTBpHC17ffoJV1bDicjMOPzGQhXFu1MvMuItUxkXd9UKxYGEkL1azkC1TDbDw5-2FmNS-2FgXzB5PGEKjDNdSTkq8amDpaLRHYQ4oWORdnI1UdgLS6T5DZc3Vb9DWLvlbnwj7LdaDR9ueaqy8WLHq8pr8J7LBI8BF314wXNfLBFjjBU80vD7pI0pzDkR-2Bhibs-3DXLN2_jOe6DNNwSZMDDrOWe3WLXuRV23tqB-2BRuOBddZGd6DOKNwzsmNwuxREsIvKe4YxcSKJewr9fHc97ggJuM42e2oVvSNTHuaWhGUDl-2FC81BbJNbAvLRTFQYAOJeneOkf7S4H47xJVOqREsYB16Ohj2J-2BBSDpObCJNmA-2BYFtHvyJGg0Y0nibfz8FjzCIlf-2FqAorfZyktBarXNcgAr04XtRU5Oqzhbx-2F1Wtm8OtvQdk8LCXep2L7SOXDKr4m89JROAbtM-2Fqnf2TY0vEhyT0jv8lpXQCpNcQ93HhuN0p6-2BjKbGz4FD83cJpg-2B-2BtUP6NDo6F98os-2BYlizswCL1D-2FOtm0-2BStEapZnGy4-2BNeJT0IbZ8womYiZg8yaVNpz3qs6gtM1ANN7p4d69slQ8hVryiRxsJYB-2FIfCFUHK0tfmQIDAVlj7ml1C6tG1NsgDzjAmN7xkqEASkGTVx3pwP-2BtfdlcsZf4AKh4hQvuRgpqjwDDcHWPGdHTwez0EIDKYM9X1Lb9aaFL5jmYkfOQPZy3toDePS1mnsk2vReX0EFhOOwZVON43bafPZ8CuvYRlC6mby4-2F-2BbqcwPGXaCTCT4ILL5PwqGUCBSeyZjEQyQzzcP-2F12tqXt3EGdLDN60FRJuFrO9WS-2BhHJb5JW-2BEo5ZKpCOzPCk-2FYYCOA-3D-3D )



It’s your time to choose






Pick up a new course on sale, and pick the way you learn best.







Shop now (
https://ablink.students.udemy.com/ls/click?upn=u001.MPWQNoKfOWucilOG4GS8ljn8XOB2-2FWb4C6mdz6rNETC5PmK-2BkCt87TrmJbHojyzPLVCsMS3jG5ZIMjpkK-2F0wyRWFcU0T-2B5SvWK4mu-2FpGYnu9X4R85OcK1PKAktmbG1bO4JiNJnaDlsb9iviI8XN2wjqY2q5CzVKqZQP8OcUGB7HRwW9FBXqRjujCRZlY-2B8-2FRQulmRyEWI6IjASH-2F2Dij2JmnLIJBJh6NZYh1FgeVrB-2F8XP9-2BsgVSZRRnuAjJ7oeB-2Bz8BMJKAfcgUq0uLmWVpSzwSQtvyJyAgAj26IsxSKnPw6PgGrpav73qNohcdI-2FSmJbuY_jOe6DNNwSZMDDrOWe3WLXuRV23tqB-2BRuOBddZGd6DOKNwzsmNwuxREsIvKe4YxcSKJewr9fHc97ggJuM42e2oVvSNTHuaWhGUDl-2FC81BbJNbAvLRTFQYAOJeneOkf7S4H47xJVOqREsYB16Ohj2J-2BBSDpObCJNmA-2BYFtHvyJGg0Y0nibfz8FjzCIlf-2FqAorfZyktBarXNcgAr04XtRU5Oqzhbx-2F1Wtm8OtvQdk8LCXep2L7SOXDKr4m89JROAbtM-2Fqnf2TY0vEhyT0jv8lpXQCpNcQ93HhuN0p6-2BjKbGz4FD83cJpg-2B-2BtUP6NDo6F98os-2BYlizswCL1D-2FOtm0-2BStEapZnGy4-2BNeJT0IbZ8womYiZg8yaVNpz3qs6gtM1ANN7p4d69slQ8hVryiRxsJYB-2FIfCFUHK0tfmQIDAVlj7ml1C6tG1NsgDzjAmN7xkqEASkGTVx3pwP-2BtfdlcsZf4AKh4hQvuRgpqjwDDcHWPGdHTwez0EIDKYM9X1Lb9aaFL5jmYkfOQPZy3toDePS1mnstum2VNGlBx50G414SiAb2tPW2HBPlbSm3ucx-2B9YMKz8jZCRDsvcE24g7kn-2FfL9mU269DyvM-2FJU9NnHNwSOIF4MOYGBODumkBqb2svOVwl1HaMFRhiOCMxrWEo-2FuSS7ZdA-3D-3D
)                      






















See trending <strong>Data Science</strong> courses:











DeepSeek R1 AI: 25 Real World Projects in AI for Beginners 
( https://ablink.students.udemy.com/ls/click?upn=u001.MPWQNoKfOWucilOG4GS8llI9-2BzUHfKDfMgObcqoXgLeQraBQDSEF8MwWN6gF67w12zcA4LmLQ1hIk9Qr3eqWvAyNEWOI4ClA0NaScD865lrrzg-2BjYODl4YYbl5o9ugyyevsBwHZwwWO5ApTWHLgaxgMbmJkVGO6-2BI3H72YRR5TNDigag2iBnhiu0xnEDV9vaIjy-2F9d7169P8GQODW1JtDoOaHgQcix1WDhFF073PmCeDKBVNtniJ4nXLJeHMotU-2BDw01Moki5b9Ewrw-2BfVF2DrykozvG-2Bgd1xQb-2FEXxRy53DNfWsmTx45tI8GcrulKdlAq8LP7tX7cnIptac-2FtZsIymKblemiGUYIHh6V-2F229-2FB0CCBPaMMW9lrUEqZ0aZBMK8Z0Mx5m0s6Get77-2B7d2zg-3D-3D-P6j_jOe6DNNwSZMDDrOWe3WLXuRV23tqB-2BRuOBddZGd6DOKNwzsmNwuxREsIvKe4YxcSKJewr9fHc97ggJuM42e2oVvSNTHuaWhGUDl-2FC81BbJNbAvLRTFQYAOJeneOkf7S4H47xJVOqREsYB16Ohj2J-2BBSDpObCJNmA-2BYFtHvyJGg0Y0nibfz8FjzCIlf-2FqAorfZyktBarXNcgAr04XtRU5Oqzhbx-2F1Wtm8OtvQdk8LCXep2L7SOXDKr4m89JROAbtM-2Fqnf2TY0vEhyT0jv8lpXQCpNcQ93HhuN0p6-2BjKbGz4FD83cJpg-2B-2BtUP6NDo6F98os-2BYlizswCL1D-2FOtm0-2BStEapZnGy4-2BNeJT0IbZ8womYiZg8yaVNpz3qs6gtM1ANN7p4d69slQ8hVryiRxsJYB-2FIfCFUHK0tfmQIDAVlj7ml1C6tG1NsgDzjAmN7xkqEASkGTVx3pwP-2BtfdlcsZf4AKh4hQvuRgpqjwDDcHWPGdHTwez0EIDKYM9X1Lb9aaFL5jmYkfOQPZy3toDePS1mnsv0J9Bhdd3ZrJkS0AoA3iV0czxjUX-2BZquJVMu80CdJHl-2B73KQ4np1gOkK07S3xiCU-2BhON0a6IsMUnQoCajG3ULr4mtFVZEBwS2iJUj8VWwAggZ9pw1M-2Fh7rXc5C1dbbtTQ-3D-3D )
        DeepSeek R1 AI: 25 Real World Projects in AI for Beginners  
( https://ablink.students.udemy.com/ls/click?upn=u001.MPWQNoKfOWucilOG4GS8llI9-2BzUHfKDfMgObcqoXgLeQraBQDSEF8MwWN6gF67w12zcA4LmLQ1hIk9Qr3eqWvGLSyx4yPD36T8AE7-2B1XLTdSUgem4J9xISNcaJw25YlQC2Ms4IPKJeLr04vGE4ZlKwNDDZGmLAHSqGSvz4yeB0KqbU2wjzBu9UN8GouEHLlZsQtvoQG5s2QjxgCNWZ8gFDQb-2FYZZ1Buph1yidrBOLmNAz9wS6PORJ5LzZGHOWugQlBwvTCke43AXAZwCuT8-2FjoEHKkMpjvIxhNVqZgaL9G9cKKXZlSQ7NS8q3L23hd-2F267m1RtKA4nfdG9sxvdjebGU5NIeWABETf3cpct6-2FlRKDGKB2-2F3pTn2fhDpCCyODV6H0xKjNJ-2FPEvIwLJwXmMGw-3D-3DjQEW_jOe6DNNwSZMDDrOWe3WLXuRV23tqB-2BRuOBddZGd6DOKNwzsmNwuxREsIvKe4YxcSKJewr9fHc97ggJuM42e2oVvSNTHuaWhGUDl-2FC81BbJNbAvLRTFQYAOJeneOkf7S4H47xJVOqREsYB16Ohj2J-2BBSDpObCJNmA-2BYFtHvyJGg0Y0nibfz8FjzCIlf-2FqAorfZyktBarXNcgAr04XtRU5Oqzhbx-2F1Wtm8OtvQdk8LCXep2L7SOXDKr4m89JROAbtM-2Fqnf2TY0vEhyT0jv8lpXQCpNcQ93HhuN0p6-2BjKbGz4FD83cJpg-2B-2BtUP6NDo6F98os-2BYlizswCL1D-2FOtm0-2BStEapZnGy4-2BNeJT0IbZ8womYiZg8yaVNpz3qs6gtM1ANN7p4d69slQ8hVryiRxsJYB-2FIfCFUHK0tfmQIDAVlj7ml1C6tG1NsgDzjAmN7xkqEASkGTVx3pwP-2BtfdlcsZf4AKh4hQvuRgpqjwDDcHWPGdHTwez0EIDKYM9X1Lb9aaFL5jmYkfOQPZy3toDePS1mnsrddvtThUzYDohJTvK612jhs9LJxlUVXA-2F4hycXInR-2BSdmgWLqKQS5Z7TzYyIMLpjCuzkubopVQsVE4weFP-2BssF-2BbLml9fKcRYWVaMoI8YIYxEPDi2CWLA9MitDlrv6Lvw-3D-3D )
    


4.59
(40)






AI Agents for Everyone and Artificial Intelligence Bootcamp 
( https://ablink.students.udemy.com/ls/click?upn=u001.MPWQNoKfOWucilOG4GS8llI9-2BzUHfKDfMgObcqoXgLdCzPstxhbQXB-2Ft4QZoF-2BIwVnFcilit-2FJ9fJrH7cctCQTeVxB73fy7lzY6uj6SU634XabGawUfxFxljlbU9XK6T3ScWpdmjskGNMJkDLFtpLVRg0Kfv-2FzIH03RD287vKPzLjGBNlxnhU1NcKIHxV6DSvJJkHPdIYGzGc12ViKyE1nAwY11NoOdMMI1zeBTtYhjkcjd38vash2U4COuyqOPixhokgfCFBooD12894Mg8jN4GtimAcStyBcA7pQETjcZLsJxv-2BG9ccfbk1-2FH8aiANoFKcpgVitM2gpYqEz6bXXc3St1CvWv9XuC0b-2FWvLBgLlyfh-2BUu9agqZRlJ7DgYn4vkLw7bAQ15CKuQ43oZECxa2HpUB-2B-2BdducnmQzb9Z89c-3Dc6KI_jOe6DNNwSZMDDrOWe3WLXuRV23tqB-2BRuOBddZGd6DOKNwzsmNwuxREsIvKe4YxcSKJewr9fHc97ggJuM42e2oVvSNTHuaWhGUDl-2FC81BbJNbAvLRTFQYAOJeneOkf7S4H47xJVOqREsYB16Ohj2J-2BBSDpObCJNmA-2BYFtHvyJGg0Y0nibfz8FjzCIlf-2FqAorfZyktBarXNcgAr04XtRU5Oqzhbx-2F1Wtm8OtvQdk8LCXep2L7SOXDKr4m89JROAbtM-2Fqnf2TY0vEhyT0jv8lpXQCpNcQ93HhuN0p6-2BjKbGz4FD83cJpg-2B-2BtUP6NDo6F98os-2BYlizswCL1D-2FOtm0-2BStEapZnGy4-2BNeJT0IbZ8womYiZg8yaVNpz3qs6gtM1ANN7p4d69slQ8hVryiRxsJYB-2FIfCFUHK0tfmQIDAVlj7ml1C6tG1NsgDzjAmN7xkqEASkGTVx3pwP-2BtfdlcsZf4AKh4hQvuRgpqjwDDcHWPGdHTwez0EIDKYM9X1Lb9aaFL5jmYkfOQPZy3toDePS1mnsg7x6PKH-2FOnbbfIXGxlkpdWmcxcZ2pSPJipLZf9iVLp-2FfZ6ffR6zMoMXxp-2FUSvloYlvBbg2L-2FDTGwB-2B1w3EE3OJY9TNTMz38EdM3KZXQpXNp-2BZGOunoZoFFtfZD-2FXuBqjA-3D-3D )
        AI Agents for Everyone and Artificial Intelligence Bootcamp  
( https://ablink.students.udemy.com/ls/click?upn=u001.MPWQNoKfOWucilOG4GS8llI9-2BzUHfKDfMgObcqoXgLdCzPstxhbQXB-2Ft4QZoF-2BIwVnFcilit-2FJ9fJrH7cctCQTeVxB73fy7lzY6uj6SU634XabGawUfxFxljlbU9XK6Thy6Rg2GQxmDsYzIdbvc5i5TTlePGzd-2BgsdwOc-2FrxBoVhSYXheEYDRYP2c-2B-2FhCkCNJNM4eV-2B2mGSjnvYNMEihOPJ-2FdYBI2hNBp0KQPDE8ovXw194LDkQJrvpmgPahU7GptTsTJlfcY7cajRj9WadSjYoFXMw1a23Fb10bxw9Cd0GXrYG3LI7M16h6AKYP3Y9BpsewzC2-2Bsm7MDkHXxwKZZMPHJvJy98G2CXiqIvU1vSNJX8m5a-2BmmUITWchMDcLisb-2F07YaFMhli5F4KTPtKdlNbdq9ARFv5V7D9ahNS6uSw-3DOO6w_jOe6DNNwSZMDDrOWe3WLXuRV23tqB-2BRuOBddZGd6DOKNwzsmNwuxREsIvKe4YxcSKJewr9fHc97ggJuM42e2oVvSNTHuaWhGUDl-2FC81BbJNbAvLRTFQYAOJeneOkf7S4H47xJVOqREsYB16Ohj2J-2BBSDpObCJNmA-2BYFtHvyJGg0Y0nibfz8FjzCIlf-2FqAorfZyktBarXNcgAr04XtRU5Oqzhbx-2F1Wtm8OtvQdk8LCXep2L7SOXDKr4m89JROAbtM-2Fqnf2TY0vEhyT0jv8lpXQCpNcQ93HhuN0p6-2BjKbGz4FD83cJpg-2B-2BtUP6NDo6F98os-2BYlizswCL1D-2FOtm0-2BStEapZnGy4-2BNeJT0IbZ8womYiZg8yaVNpz3qs6gtM1ANN7p4d69slQ8hVryiRxsJYB-2FIfCFUHK0tfmQIDAVlj7ml1C6tG1NsgDzjAmN7xkqEASkGTVx3pwP-2BtfdlcsZf4AKh4hQvuRgpqjwDDcHWPGdHTwez0EIDKYM9X1Lb9aaFL5jmYkfOQPZy3toDePS1mnsvVUXk8TkmR8fZ5DpuEz9N3MmvHTSWPFgddLK1I7KSN6lwG8MwJttimY0LWZ2fN1Upm-2BwmU90ZDcHAp8N15cdrh2XfCpoUK-2Bdf6uaJjsxq9SS45zBePf-2Fky5BdIsJDKtYA-3D-3D )
    


4.63
(58)






2025 Bootcamp: Understand and Build Professional AI Agents 
( https://ablink.students.udemy.com/ls/click?upn=u001.MPWQNoKfOWucilOG4GS8llI9-2BzUHfKDfMgObcqoXgLcx5gtY0yLOUCqRQryt3UrPRwnDO6AQum4Z1Qmr9rRtzIwX4zmkjs2Z7VE2-2FBKmywLo16xZYyRjumBXqSk80suqJJyM2JWpxzi5EYDH28q922vjbFNBAx7RhlvDfTgJDtEzG2Dr7hBABilUuC5qkrF6SJzOU6LS3c3jSvrFuXLMrE9oFfVHSFhDb9rcStNmthb402Gx5SMlUG8-2BVzNhCTZyksFXvql0n7xxKGlG7Lyofd8B-2F8sHAbq07LWrULNK4-2BY9ngB7sWcxmEXaXT-2FQZJDOOdoyBW0ENVlb7HtTlG43cQWDDQAcv2BkhhuPQ8nG9iRnAmaZ0hlyg6W9EqNtmEP1S0co2Hd62-2B-2FadTsBaiAZdzAqmxTrB4IBXVb48yQPsTE-3DuAkN_jOe6DNNwSZMDDrOWe3WLXuRV23tqB-2BRuOBddZGd6DOKNwzsmNwuxREsIvKe4YxcSKJewr9fHc97ggJuM42e2oVvSNTHuaWhGUDl-2FC81BbJNbAvLRTFQYAOJeneOkf7S4H47xJVOqREsYB16Ohj2J-2BBSDpObCJNmA-2BYFtHvyJGg0Y0nibfz8FjzCIlf-2FqAorfZyktBarXNcgAr04XtRU5Oqzhbx-2F1Wtm8OtvQdk8LCXep2L7SOXDKr4m89JROAbtM-2Fqnf2TY0vEhyT0jv8lpXQCpNcQ93HhuN0p6-2BjKbGz4FD83cJpg-2B-2BtUP6NDo6F98os-2BYlizswCL1D-2FOtm0-2BStEapZnGy4-2BNeJT0IbZ8womYiZg8yaVNpz3qs6gtM1ANN7p4d69slQ8hVryiRxsJYB-2FIfCFUHK0tfmQIDAVlj7ml1C6tG1NsgDzjAmN7xkqEASkGTVx3pwP-2BtfdlcsZf4AKh4hQvuRgpqjwDDcHWPGdHTwez0EIDKYM9X1Lb9aaFL5jmYkfOQPZy3toDePS1mnsrZllXrM9QIRYdf2-2FysEBPJu9a2R-2FYbk6IqHA9erTEUJjH5uy9YA-2F759bQp8RsHBcl5eGuwwDz2I1xL6vSf6ovw17V-2BoIA1iYMaQvv0t-2BnNCyZYQBdxtyKgWbn7MjoORwg-3D-3D )
        2025 Bootcamp: Understand and Build Professional AI Agents  
( https://ablink.students.udemy.com/ls/click?upn=u001.MPWQNoKfOWucilOG4GS8llI9-2BzUHfKDfMgObcqoXgLcx5gtY0yLOUCqRQryt3UrPRwnDO6AQum4Z1Qmr9rRtzIwX4zmkjs2Z7VE2-2FBKmywLo16xZYyRjumBXqSk80suqeS8pakrkbMCaCUrW72MJQFhYmUl-2FF2f3FllfYgl3Rth-2FIr2WuwXZdpzC-2BN0mECjjDikvUv6HyXivztLyntV3WxeOkMPX1yRX7OAnxKyJk2skbB2Oz-2BhCm17v8pqyOl983i6LgAfPL5QHBzKJhsv5vrIay22IYHsuSOmO46QaAUYJpoEF3DRw716lLPSklbX2Nyg30QwSB1XIzXTPM6FwqQE0KHHJzVPutge6zOtXsl6-2BwdOflwAeXsVik2hOhVa0pxJwWnmoC7dQ-2B69fh4aL-2BENCW-2FnCcfbmA4nPD5JsiX0-3DiK8g_jOe6DNNwSZMDDrOWe3WLXuRV23tqB-2BRuOBddZGd6DOKNwzsmNwuxREsIvKe4YxcSKJewr9fHc97ggJuM42e2oVvSNTHuaWhGUDl-2FC81BbJNbAvLRTFQYAOJeneOkf7S4H47xJVOqREsYB16Ohj2J-2BBSDpObCJNmA-2BYFtHvyJGg0Y0nibfz8FjzCIlf-2FqAorfZyktBarXNcgAr04XtRU5Oqzhbx-2F1Wtm8OtvQdk8LCXep2L7SOXDKr4m89JROAbtM-2Fqnf2TY0vEhyT0jv8lpXQCpNcQ93HhuN0p6-2BjKbGz4FD83cJpg-2B-2BtUP6NDo6F98os-2BYlizswCL1D-2FOtm0-2BStEapZnGy4-2BNeJT0IbZ8womYiZg8yaVNpz3qs6gtM1ANN7p4d69slQ8hVryiRxsJYB-2FIfCFUHK0tfmQIDAVlj7ml1C6tG1NsgDzjAmN7xkqEASkGTVx3pwP-2BtfdlcsZf4AKh4hQvuRgpqjwDDcHWPGdHTwez0EIDKYM9X1Lb9aaFL5jmYkfOQPZy3toDePS1mnskaVmhgU4nTJ91RrC-2B2LhgKu9oPq6d2bR02o2jMUUDGIRTrIyy7i6w1499lCJsO4U5-2FtmwvnfmLgqJQ3clDKFXNzfLltscA9zGFvw43gx92-2BhiT3mO0SpvjcFTGkZ3OGsg-3D-3D )
    


4.79
(28)






















Students who enrolled in <strong>Generative AI Masters 2025 - NLP, Transformers &amp; Gen AI!!</strong> also enrolled in:











Generative AI Masters 2025 - NLP, Transformers &amp; Gen AI!! 
( https://ablink.students.udemy.com/ls/click?upn=u001.MPWQNoKfOWucilOG4GS8llI9-2BzUHfKDfMgObcqoXgLc1NJsGsElXNnD3g-2BgsP1ZxGUXGwQxQh1LPxWuHLNvt5xwa75bwRzYEL-2F7MVKZLnMNSq-2FATpgogU8r8F2bMGCvPylyyeq-2BZ7aG9pKLM7swqXRE8YP517ZC-2Bh8RQmtawyrNqiiC-2BiPAR5Oe7auBYzli7uILMfHyBt4Cfd9ksDhNyiBui-2BadrYMn92hdA261wCrRfdtcO5LX2dAz3vtCmsStu-2BUNh8AKmDfPIXQdhdgYWhEu1CFDRfM6D-2BOP4rYAsMNhBg1-2Brt6la2z8SjSY9LhvTB-2Fw5EXnQY8CCWBSMlZ0qF2hYmCmf0u9jRWwucbmIFhjg4jZPbOASlNj0Z2b2tTJ8G-2g_jOe6DNNwSZMDDrOWe3WLXuRV23tqB-2BRuOBddZGd6DOKNwzsmNwuxREsIvKe4YxcSKJewr9fHc97ggJuM42e2oVvSNTHuaWhGUDl-2FC81BbJNbAvLRTFQYAOJeneOkf7S4H47xJVOqREsYB16Ohj2J-2BBSDpObCJNmA-2BYFtHvyJGg0Y0nibfz8FjzCIlf-2FqAorfZyktBarXNcgAr04XtRU5Oqzhbx-2F1Wtm8OtvQdk8LCXep2L7SOXDKr4m89JROAbtM-2Fqnf2TY0vEhyT0jv8lpXQCpNcQ93HhuN0p6-2BjKbGz4FD83cJpg-2B-2BtUP6NDo6F98os-2BYlizswCL1D-2FOtm0-2BStEapZnGy4-2BNeJT0IbZ8womYiZg8yaVNpz3qs6gtM1ANN7p4d69slQ8hVryiRxsJYB-2FIfCFUHK0tfmQIDAVlj7ml1C6tG1NsgDzjAmN7xkqEASkGTVx3pwP-2BtfdlcsZf4AKh4hQvuRgpqjwDDcHWPGdHTwez0EIDKYM9X1Lb9aaFL5jmYkfOQPZy3toDePS1mnssrHlx3ccL0FKiW3pjTrGJXCbNrS5LkaHrVGFiK5T4vMRtOFzHPyiqj00N9TGCtgT4E4-2FIYQaHvq-2FGL8lI0HfAN2KYQ15Zp8v2IHj2HsHszH4KwV2VSKTkE8oD3GdCAu9A-3D-3D )
        Generative AI Masters 2025 - NLP, Transformers &amp; Gen AI!!  
( https://ablink.students.udemy.com/ls/click?upn=u001.MPWQNoKfOWucilOG4GS8llI9-2BzUHfKDfMgObcqoXgLc1NJsGsElXNnD3g-2BgsP1ZxGUXGwQxQh1LPxWuHLNvt54C5BbIjwqa0f-2FXJz27GIpK4B28unLrgTb-2BCEKvznSB6Jnhm6Nn9PSaSwVFXt42c-2BBB7tNTU-2F-2FMhxOw1Ke7b74SHujjkB1-2BbxiDXrNnjbinLVYMPgar0LHl2w77ofEQDpsku1ccdcRnFbCPEmkIqu1muMK0dQn2aXm-2F0W8dwSuRwhYIEePVO8b-2FSAvH-2BDavERJEm-2B7ui2CQ8XovElIbrKnrtdLa4Fu-2B768rsuVNLxDLwuWGUBdWmNsRQ8qfe4UJfHd4fu89E7u-2F0-2BI2yTR13AuuR3jeX0HJTdhia6691reE4vmyr_jOe6DNNwSZMDDrOWe3WLXuRV23tqB-2BRuOBddZGd6DOKNwzsmNwuxREsIvKe4YxcSKJewr9fHc97ggJuM42e2oVvSNTHuaWhGUDl-2FC81BbJNbAvLRTFQYAOJeneOkf7S4H47xJVOqREsYB16Ohj2J-2BBSDpObCJNmA-2BYFtHvyJGg0Y0nibfz8FjzCIlf-2FqAorfZyktBarXNcgAr04XtRU5Oqzhbx-2F1Wtm8OtvQdk8LCXep2L7SOXDKr4m89JROAbtM-2Fqnf2TY0vEhyT0jv8lpXQCpNcQ93HhuN0p6-2BjKbGz4FD83cJpg-2B-2BtUP6NDo6F98os-2BYlizswCL1D-2FOtm0-2BStEapZnGy4-2BNeJT0IbZ8womYiZg8yaVNpz3qs6gtM1ANN7p4d69slQ8hVryiRxsJYB-2FIfCFUHK0tfmQIDAVlj7ml1C6tG1NsgDzjAmN7xkqEASkGTVx3pwP-2BtfdlcsZf4AKh4hQvuRgpqjwDDcHWPGdHTwez0EIDKYM9X1Lb9aaFL5jmYkfOQPZy3toDePS1mnsgXP5xNzsZ1p-2BOvy-2FkJrJ-2BGSos8-2BF6HEHAYWAs7BcU80MnmJ6JcRYFp4RlwAYy5pFyEp65nGuJC9JF47LJ9EXRJLaB0CO-2Fp-2BpYFZbDflxRcDTPMUZldLFglQ6Xw653ibRw-3D-3D )
    


4.52
(236)






Advanced Retrieval Augmented Generation 
( https://ablink.students.udemy.com/ls/click?upn=u001.MPWQNoKfOWucilOG4GS8llI9-2BzUHfKDfMgObcqoXgLeCQEtWXYRE2lZ1ImrxnxyDj7qRXRwOQa1pN-2Fawlr8gi0xLAspwW6Yua7PmFJsVSvFL5eVdhVfCRy-2FHDuk3y-2FZH7D8vHaPzsuir-2F8YcXyRW3u-2BZlw-2F4rSCaWjZy9nlmKU-2BjhBXNxCxy-2FAF2b6WgSFIeb6Q7AmmyJ4fvSSpj2eGv2kozu1wUqPnUczY8w3xYJv0WB9TZnia-2FDknNw2IrdDxzeejbVSKDPL2Rn0pDudOHKmjpz-2FOfRS24-2B1htmpj8pWxLfzQfOeEUbMZrjnL9pjykBUqL6-2BITM-2BhOCehr7zl1CE8kubmm662cTmPWazoJcooZJlEBDxo-2BGFdK5AK6dn1g8cZKYZOluHBZI7lGzpzg-2FQ-3D-3D7Uki_jOe6DNNwSZMDDrOWe3WLXuRV23tqB-2BRuOBddZGd6DOKNwzsmNwuxREsIvKe4YxcSKJewr9fHc97ggJuM42e2oVvSNTHuaWhGUDl-2FC81BbJNbAvLRTFQYAOJeneOkf7S4H47xJVOqREsYB16Ohj2J-2BBSDpObCJNmA-2BYFtHvyJGg0Y0nibfz8FjzCIlf-2FqAorfZyktBarXNcgAr04XtRU5Oqzhbx-2F1Wtm8OtvQdk8LCXep2L7SOXDKr4m89JROAbtM-2Fqnf2TY0vEhyT0jv8lpXQCpNcQ93HhuN0p6-2BjKbGz4FD83cJpg-2B-2BtUP6NDo6F98os-2BYlizswCL1D-2FOtm0-2BStEapZnGy4-2BNeJT0IbZ8womYiZg8yaVNpz3qs6gtM1ANN7p4d69slQ8hVryiRxsJYB-2FIfCFUHK0tfmQIDAVlj7ml1C6tG1NsgDzjAmN7xkqEASkGTVx3pwP-2BtfdlcsZf4AKh4hQvuRgpqjwDDcHWPGdHTwez0EIDKYM9X1Lb9aaFL5jmYkfOQPZy3toDePS1mnsiui4-2BrjTy2I7zjE0I0CoqFAw-2BlPTz0RrQC8LUI4LF-2Fvlyz5j90Qgh-2F0EU9nJ7tso-2FGMOB2C49ygTIq-2FFbFZNFfzQM6ISRinOY1HZRYarEFNcIihMMRamoqJ8X0zrrAR8XwUQO33e-2FxTXG4Z6yDkPXw-3D )
        Advanced Retrieval Augmented Generation  
( https://ablink.students.udemy.com/ls/click?upn=u001.MPWQNoKfOWucilOG4GS8llI9-2BzUHfKDfMgObcqoXgLeCQEtWXYRE2lZ1ImrxnxyDj7qRXRwOQa1pN-2Fawlr8gi0xLAspwW6Yua7PmFJsVSvFsbtZRMCrNiq9sZ9spykRaAmyQqjruJ2wOsA7Cff5-2FQXES9-2FmI1MukEfm2sJc3c6X5afhFg491wSZ5LwHMcxHgqN5g0Bnj-2F42YICvGu3K537PLfpYC79koj4kwVjdY7HiZvICisCjO5eadL4-2BlfLkpSmeQiC8wge6-2F0IlUskL8w96T83VTFYeqcIMFyhwhc0FK4zCXoKG4WBRrd2dsiY3-2Berbv1CGZmfyHfyKxE2wircQu4jTp1-2BdtlcywGeqhZg8LNEupcP-2BbyCIgLjjyM3XNWuMQ0Cf3JIgx6LcaQh76Lw-3D-3DlfJF_jOe6DNNwSZMDDrOWe3WLXuRV23tqB-2BRuOBddZGd6DOKNwzsmNwuxREsIvKe4YxcSKJewr9fHc97ggJuM42e2oVvSNTHuaWhGUDl-2FC81BbJNbAvLRTFQYAOJeneOkf7S4H47xJVOqREsYB16Ohj2J-2BBSDpObCJNmA-2BYFtHvyJGg0Y0nibfz8FjzCIlf-2FqAorfZyktBarXNcgAr04XtRU5Oqzhbx-2F1Wtm8OtvQdk8LCXep2L7SOXDKr4m89JROAbtM-2Fqnf2TY0vEhyT0jv8lpXQCpNcQ93HhuN0p6-2BjKbGz4FD83cJpg-2B-2BtUP6NDo6F98os-2BYlizswCL1D-2FOtm0-2BStEapZnGy4-2BNeJT0IbZ8womYiZg8yaVNpz3qs6gtM1ANN7p4d69slQ8hVryiRxsJYB-2FIfCFUHK0tfmQIDAVlj7ml1C6tG1NsgDzjAmN7xkqEASkGTVx3pwP-2BtfdlcsZf4AKh4hQvuRgpqjwDDcHWPGdHTwez0EIDKYM9X1Lb9aaFL5jmYkfOQPZy3toDePS1mnsn1kT8tn0H7IB0YFClJ-2FdkYwOeGdQUq7lRAMaBoK2V7HSt6RSUrtb-2BwXkpiUjq1Mfuw-2Ba-2FsNFgBcnfZ7QZ0Z1iDm5xhRmINSu1HoXcZiSLqgEsOHC35S2kRfbKkFhrZRQm-2Bur3gMv-2BQHLIIQDpqm5KU-3D )
    


4.39
(30)






Generative AI application design and development 
( https://ablink.students.udemy.com/ls/click?upn=u001.MPWQNoKfOWucilOG4GS8llI9-2BzUHfKDfMgObcqoXgLdxUsIsA4RYiUeW8V-2FF1dWnv2gEwzJg5fh984cohxVliWk3A7aZbhVj4L44GXd6RsCPKwNLZKGiBV-2Ftivl5LoK0NpuNOJj1RprK2F73I7inVb-2FtPFj3YsDoUgsd-2BWY41P0r-2Bqx-2FkmMKxw31Jv135ws-2BO0XRMTCO0TDFIPhpzN-2BdLEDybxxviuE3EHaxhkn33KeSUYpdQ3F5fLDlL2-2FDCNfeRrX5CEqlw2sWGkKL5YLyRxzjzPfP1Jm2ZC-2FIxivlUdFjOwp5pOw5OL167O9TAnTxqEUcpfDJ-2FMJ23YQlTXZTHJce-2B5LdQrj72oI-2ByygRkvAJKUrt2efFLe17b-2F7SzV2weZpR_jOe6DNNwSZMDDrOWe3WLXuRV23tqB-2BRuOBddZGd6DOKNwzsmNwuxREsIvKe4YxcSKJewr9fHc97ggJuM42e2oVvSNTHuaWhGUDl-2FC81BbJNbAvLRTFQYAOJeneOkf7S4H47xJVOqREsYB16Ohj2J-2BBSDpObCJNmA-2BYFtHvyJGg0Y0nibfz8FjzCIlf-2FqAorfZyktBarXNcgAr04XtRU5Oqzhbx-2F1Wtm8OtvQdk8LCXep2L7SOXDKr4m89JROAbtM-2Fqnf2TY0vEhyT0jv8lpXQCpNcQ93HhuN0p6-2BjKbGz4FD83cJpg-2B-2BtUP6NDo6F98os-2BYlizswCL1D-2FOtm0-2BStEapZnGy4-2BNeJT0IbZ8womYiZg8yaVNpz3qs6gtM1ANN7p4d69slQ8hVryiRxsJYB-2FIfCFUHK0tfmQIDAVlj7ml1C6tG1NsgDzjAmN7xkqEASkGTVx3pwP-2BtfdlcsZf4AKh4hQvuRgpqjwDDcHWPGdHTwez0EIDKYM9X1Lb9aaFL5jmYkfOQPZy3toDePS1mnsrKG8TvIEA987lsyNfdF24OLSdVBD-2Bn-2BCyJ6asaj0BwT1efQjDKJSgxc-2BiJPLsOv1JZ2gj-2B5txB2BQfWalDeeR1ZuJqFspiqXwidN2JHQxaFVZUYHi22r8bewRLCTGvUKl9y1NgD-2BMNxgLW0nWcqbeg-3D )
        Generative AI application design and development  
( https://ablink.students.udemy.com/ls/click?upn=u001.MPWQNoKfOWucilOG4GS8llI9-2BzUHfKDfMgObcqoXgLdxUsIsA4RYiUeW8V-2FF1dWnv2gEwzJg5fh984cohxVliTnQuRsn3AU4og65rmV4HlaDprPe47b-2B33CgAC7Z2i95ucb03aIAuYIluLIpJNLf2gGbYq72NvzyRWryQTVNhLk78265gyIsRp4Ao-2F987MQsJ6wbB11j4ZlwxMmBKWWfDvinJbxCMLVrtfZkH6T-2FCArWNxrbIWLWMAdzv5mWTpSPkq2gLE3-2FF-2F4OZvDZvMPt0FRtYmToNsm0D18D2qVTD4-2B-2B7UbQwiv-2FX2IurzIwyX60yU9xukmr0dYMXtqNwV89srhldBq1gd6zBtSrUSpr9GJOkiX6hZshs-2FMzlGSumsEWtOLw_jOe6DNNwSZMDDrOWe3WLXuRV23tqB-2BRuOBddZGd6DOKNwzsmNwuxREsIvKe4YxcSKJewr9fHc97ggJuM42e2oVvSNTHuaWhGUDl-2FC81BbJNbAvLRTFQYAOJeneOkf7S4H47xJVOqREsYB16Ohj2J-2BBSDpObCJNmA-2BYFtHvyJGg0Y0nibfz8FjzCIlf-2FqAorfZyktBarXNcgAr04XtRU5Oqzhbx-2F1Wtm8OtvQdk8LCXep2L7SOXDKr4m89JROAbtM-2Fqnf2TY0vEhyT0jv8lpXQCpNcQ93HhuN0p6-2BjKbGz4FD83cJpg-2B-2BtUP6NDo6F98os-2BYlizswCL1D-2FOtm0-2BStEapZnGy4-2BNeJT0IbZ8womYiZg8yaVNpz3qs6gtM1ANN7p4d69slQ8hVryiRxsJYB-2FIfCFUHK0tfmQIDAVlj7ml1C6tG1NsgDzjAmN7xkqEASkGTVx3pwP-2BtfdlcsZf4AKh4hQvuRgpqjwDDcHWPGdHTwez0EIDKYM9X1Lb9aaFL5jmYkfOQPZy3toDePS1mnsqjxc52jCXlWs-2F5UrIEFii0xLgK39B-2FmxVQjyiRgAMM0kzPRjkNwwhewV8340LBBpgNzk6bt7Ofyn9tYw-2BX5XZNI4UBLUIwrhLUuHHQ7ug2mI2M-2FrYjR9ZvtiVRPGR3avizk6-2FZ9QyY0Cl4t703ETxA-3D )
    


4.46
(78)























Get started with top categories:
Development
Development
Development  (
https://ablink.students.udemy.com/ls/click?upn=u001.MPWQNoKfOWucilOG4GS8llI9-2BzUHfKDfMgObcqoXgLeBOaTRpFw33sRT7vsLPzCuSA0-2FB2obCSaJd3zJIINmCSYxOnxpCLnFz0nsq67WfkTKXWYOXgfqYbJW-2FU1XMygVdNYdGxiYoS004Qod-2FU-2FK664sI6PSWqbLWMVWcjDHhBJhzuXHdjdrCew0zJ3KN1sQur-2FFwbzEA6l7-2BUzv51zwJBkJTdUs3Q7bIuHvJxe1uVYPsNSijE153-2FAfRmO5ZUikCZlomhfGupy7CS0viuMLAziQbNRbue-2BJ40WQNw5vNiS9IC9h2hC6DSSH2boMVWafXpwxcfZ06hfJWutoAZ-2B7HMP9SOK5DSemO-2F-2BjqEKuvKo-3DvmZs_jOe6DNNwSZMDDrOWe3WLXuRV23tqB-2BRuOBddZGd6DOKNwzsmNwuxREsIvKe4YxcSKJewr9fHc97ggJuM42e2oVvSNTHuaWhGUDl-2FC81BbJNbAvLRTFQYAOJeneOkf7S4H47xJVOqREsYB16Ohj2J-2BBSDpObCJNmA-2BYFtHvyJGg0Y0nibfz8FjzCIlf-2FqAorfZyktBarXNcgAr04XtRU5Oqzhbx-2F1Wtm8OtvQdk8LCXep2L7SOXDKr4m89JROAbtM-2Fqnf2TY0vEhyT0jv8lpXQCpNcQ93HhuN0p6-2BjKbGz4FD83cJpg-2B-2BtUP6NDo6F98os-2BYlizswCL1D-2FOtm0-2BStEapZnGy4-2BNeJT0IbZ8womYiZg8yaVNpz3qs6gtM1ANN7p4d69slQ8hVryiRxsJYB-2FIfCFUHK0tfmQIDAVlj7ml1C6tG1NsgDzjAmN7xkqEASkGTVx3pwP-2BtfdlcsZf4AKh4hQvuRgpqjwDDcHWPGdHTwez0EIDKYM9X1Lb9aaFL5jmYkfOQPZy3toDePS1mnspFZtWWfyhOexoLj-2F9E8X-2F4ymLWxjdjNkWtVGLRWsgp48bL6WeGl0utx6aYM-2FuOh3JzS5j9fr3jUUFBm7VWjuMT4MjMTrwnHkbIgUG1bpGAgD6ktx8XgIZvStkJvblGbIJb6EuRo67XHdonsmStFTME-3D
)          IT & Software
IT & Software
IT & Software  (
https://ablink.students.udemy.com/ls/click?upn=u001.MPWQNoKfOWucilOG4GS8llI9-2BzUHfKDfMgObcqoXgLdRNd9YG50Hd4rp3uUvxcmkISX7NQv41en1KJDhPsqQKRgFAcfcqtNJrEzMJJnlWTNXp94NvwPwQsoXIKrXK3PgllUqnqKidG3E8Fab34MF6G-2F6KJVfeC3uCLv55fvWFStPXkYCyPdGsUSv5TYyJA1WDYftlF9-2FrSqpQM0Zj7MJjn0099UJpJbFGLANfKjqyEQt6H-2FwWFVxhP86iJ-2FVFr4kxcy5PyGsE3UKDyUzVyPxLHLVMQ6ZSVDjhJPeHZxodK5F6EzJ07Rc4yIsIgDRfNdnnBPmHPJWqxrAWQd-2FpY8m-2B-2BjKI2ANdejeJEnjZ8il63E-3D2FW7_jOe6DNNwSZMDDrOWe3WLXuRV23tqB-2BRuOBddZGd6DOKNwzsmNwuxREsIvKe4YxcSKJewr9fHc97ggJuM42e2oVvSNTHuaWhGUDl-2FC81BbJNbAvLRTFQYAOJeneOkf7S4H47xJVOqREsYB16Ohj2J-2BBSDpObCJNmA-2BYFtHvyJGg0Y0nibfz8FjzCIlf-2FqAorfZyktBarXNcgAr04XtRU5Oqzhbx-2F1Wtm8OtvQdk8LCXep2L7SOXDKr4m89JROAbtM-2Fqnf2TY0vEhyT0jv8lpXQCpNcQ93HhuN0p6-2BjKbGz4FD83cJpg-2B-2BtUP6NDo6F98os-2BYlizswCL1D-2FOtm0-2BStEapZnGy4-2BNeJT0IbZ8womYiZg8yaVNpz3qs6gtM1ANN7p4d69slQ8hVryiRxsJYB-2FIfCFUHK0tfmQIDAVlj7ml1C6tG1NsgDzjAmN7xkqEASkGTVx3pwP-2BtfdlcsZf4AKh4hQvuRgpqjwDDcHWPGdHTwez0EIDKYM9X1Lb9aaFL5jmYkfOQPZy3toDePS1mnsv3bz9xjT-2FSRtJoQOiEcAacTkbQIExM5hhh-2B8xuWw5qPz2CMLSWEKIDywVIXqrUbdB9fC-2FWKWRaRlN9QOf9MTfBX9Tw-2B6W8tenAmuwST7DbIfKnogbVDrt17RpAUALKaexp6UW150T0GLNCeBpQtlbQ-3D
)        Business
Business
Business  (
https://ablink.students.udemy.com/ls/click?upn=u001.MPWQNoKfOWucilOG4GS8llI9-2BzUHfKDfMgObcqoXgLdhBzjhFwYnyYiktqCXKuIRf6MnIwyiISy3xHSuXlep1vD9SdXNRdjAd5Sk7wRjWdtufTREZ7g1hPb3pXiWjXrJmln2sI2bqlZT8iF-2BuJrCvfCiDL7NFc1aCWy92p5VBDAytI7H88AObUsLRiEU-2FnpRoE3-2BFlGWhjDT6d3sFE1IEyeBLnaejt4n4jEcy-2BN2XnO8YDKNHqjXo-2F7PwRgmdEUA5MnNiahrvMGujbYC5vW3wxGjPMcs0xTgHf0fDasGboh-2BcbgJeu8SOq7ZiqpsTLYyMjvYDWybtPpM4hlujWdAaXhiZ9eMitc8GjgNmhM9Rlg-3Dqb1G_jOe6DNNwSZMDDrOWe3WLXuRV23tqB-2BRuOBddZGd6DOKNwzsmNwuxREsIvKe4YxcSKJewr9fHc97ggJuM42e2oVvSNTHuaWhGUDl-2FC81BbJNbAvLRTFQYAOJeneOkf7S4H47xJVOqREsYB16Ohj2J-2BBSDpObCJNmA-2BYFtHvyJGg0Y0nibfz8FjzCIlf-2FqAorfZyktBarXNcgAr04XtRU5Oqzhbx-2F1Wtm8OtvQdk8LCXep2L7SOXDKr4m89JROAbtM-2Fqnf2TY0vEhyT0jv8lpXQCpNcQ93HhuN0p6-2BjKbGz4FD83cJpg-2B-2BtUP6NDo6F98os-2BYlizswCL1D-2FOtm0-2BStEapZnGy4-2BNeJT0IbZ8womYiZg8yaVNpz3qs6gtM1ANN7p4d69slQ8hVryiRxsJYB-2FIfCFUHK0tfmQIDAVlj7ml1C6tG1NsgDzjAmN7xkqEASkGTVx3pwP-2BtfdlcsZf4AKh4hQvuRgpqjwDDcHWPGdHTwez0EIDKYM9X1Lb9aaFL5jmYkfOQPZy3toDePS1mnstQM4SOhYdstgMtkiVeUJLrKVrjDWALlAWnFhYwqsRtMdGhRKGijqeL0RM-2B3fEz7Mr9e4vWRByYBXxCqPtN-2Bo8N2YTi9N5C5AxP8WAYPlq-2B3MkZIolKVrQmE8TXggCZArnkHJELIPpX8j9h6MhmoEUU-3D
)
Development
Lifestyle
Lifestyle  (
https://ablink.students.udemy.com/ls/click?upn=u001.MPWQNoKfOWucilOG4GS8llI9-2BzUHfKDfMgObcqoXgLcPTsFoa2D4Burs7lkk99sZ4q-2BTxmnbJ8zZfoc2FQ-2BOb7V6Bh97T11v-2BzpSALVtg2apC43fHwFdae-2F1iONBIqArSHr6BSRvm4tJ4F9saVw2h1f6dWmy1U762Bsz6y-2BFbROseCFgP7ri68EDMwpRvY7yxl1RnTPKOfDyFjGzh0ZjfX2wsaE7Bzd911pG1fcuf4qxh1GZ9ER3ZemqKLGfeFKt78-2F-2FJZdqAErF95V5K3uT6Z01ySqrmVmk-2FfVoyFeY-2F1a1J1eSGWBYU-2BTQ6Bj8xiQzYf8C-2FkhKvDiSt75s-2Fvg8QOj55WCHBKH1WK-2Bdr9cNg6c-3DuwK4_jOe6DNNwSZMDDrOWe3WLXuRV23tqB-2BRuOBddZGd6DOKNwzsmNwuxREsIvKe4YxcSKJewr9fHc97ggJuM42e2oVvSNTHuaWhGUDl-2FC81BbJNbAvLRTFQYAOJeneOkf7S4H47xJVOqREsYB16Ohj2J-2BBSDpObCJNmA-2BYFtHvyJGg0Y0nibfz8FjzCIlf-2FqAorfZyktBarXNcgAr04XtRU5Oqzhbx-2F1Wtm8OtvQdk8LCXep2L7SOXDKr4m89JROAbtM-2Fqnf2TY0vEhyT0jv8lpXQCpNcQ93HhuN0p6-2BjKbGz4FD83cJpg-2B-2BtUP6NDo6F98os-2BYlizswCL1D-2FOtm0-2BStEapZnGy4-2BNeJT0IbZ8womYiZg8yaVNpz3qs6gtM1ANN7p4d69slQ8hVryiRxsJYB-2FIfCFUHK0tfmQIDAVlj7ml1C6tG1NsgDzjAmN7xkqEASkGTVx3pwP-2BtfdlcsZf4AKh4hQvuRgpqjwDDcHWPGdHTwez0EIDKYM9X1Lb9aaFL5jmYkfOQPZy3toDePS1mnsgR2zh6o-2BDoXpv51x0ThSoTxNwTbFrVt4WkExHOffwk02ETyaikphwvvcH3K-2FfNi68iPNpOudogRyfl7SOpd5DnoudBWtGaEZcG6VS9K1yVNewjmJzCvYa1ZTOMp6K0SIDApYfvcPIz4XgT-2FRhfzkPA-3D
)          IT & Software
Design
Design  (
https://ablink.students.udemy.com/ls/click?upn=u001.MPWQNoKfOWucilOG4GS8llI9-2BzUHfKDfMgObcqoXgLeK5z-2FYxdLL0I6VNdMiXwxSU-2BVpoh8GNvSBWt9gR-2F17YpGAheCG7Lrp-2B4s7NlAKboQUCA7H5cY24vxyE81D18xlq0SjHzEAVzpWwFQIBxrQn9aW4rkbFGs-2FS1iZ3eals61PLKStGkXhQcV4diNLvTtJt62IT3BtLyCu9AVft518MJwXtz4e0BCf0ekOihzKNnp-2BD2BULV0jpHsCqko726SLfAQx8ph0ICjaI0A57b75RmQMfixWjA9ZS2vHTvZWqKKI0fB8uxvuzsK8QZmtEUrdYKogxbbMiCN-2FHL36Cqa2cemrGRZGu1WQojBlWfYR3KY-3D-Xpl_jOe6DNNwSZMDDrOWe3WLXuRV23tqB-2BRuOBddZGd6DOKNwzsmNwuxREsIvKe4YxcSKJewr9fHc97ggJuM42e2oVvSNTHuaWhGUDl-2FC81BbJNbAvLRTFQYAOJeneOkf7S4H47xJVOqREsYB16Ohj2J-2BBSDpObCJNmA-2BYFtHvyJGg0Y0nibfz8FjzCIlf-2FqAorfZyktBarXNcgAr04XtRU5Oqzhbx-2F1Wtm8OtvQdk8LCXep2L7SOXDKr4m89JROAbtM-2Fqnf2TY0vEhyT0jv8lpXQCpNcQ93HhuN0p6-2BjKbGz4FD83cJpg-2B-2BtUP6NDo6F98os-2BYlizswCL1D-2FOtm0-2BStEapZnGy4-2BNeJT0IbZ8womYiZg8yaVNpz3qs6gtM1ANN7p4d69slQ8hVryiRxsJYB-2FIfCFUHK0tfmQIDAVlj7ml1C6tG1NsgDzjAmN7xkqEASkGTVx3pwP-2BtfdlcsZf4AKh4hQvuRgpqjwDDcHWPGdHTwez0EIDKYM9X1Lb9aaFL5jmYkfOQPZy3toDePS1mnsgA9EOncIKDmbYOkd76rv7wnJSmres9OyzopbrooQfusw4HrJ3sGY5l1TQ2-2BgeK4wG7vAIQB8DHic-2BbMBjJJCCcHlqjHJBznNa-2Fi8gZJ6m7TGmfiGfud4yC7zN5NRhyCV6sytlmAq3c4vr4wxA3x8dE-3D
)        Business
Music
Music  (
https://ablink.students.udemy.com/ls/click?upn=u001.MPWQNoKfOWucilOG4GS8llI9-2BzUHfKDfMgObcqoXgLcUBDedRusyIfPCcnjmqYeWpQWX1rH-2BH6eR-2Bw1s1ayKZZ8PTUl0-2Bxye4G-2B6RUrwgImo-2FqCet82zhfBx2CZKgX0SERUmHpXsUDm5pYVLxlQoTcKAUULEh5qYL-2FYDTs3AyaCWW0NgE9174LfMV8kDOte56mq2-2Fehv54cTClIjQwt6sjqEY2TOuX5OTs2Jba-2FKIir3nTBCp8qT9GHwlbhvbQk737MyTk4U817fQikdcZur1NVdZhcid-2FneTYL1ap62KnjVQWnbDPCd9uIYyYlunjApxV9l0KgD2zOl1SNBKuKRIYOsCiEEb5LKgRAE4LDzmq8-3DHh2T_jOe6DNNwSZMDDrOWe3WLXuRV23tqB-2BRuOBddZGd6DOKNwzsmNwuxREsIvKe4YxcSKJewr9fHc97ggJuM42e2oVvSNTHuaWhGUDl-2FC81BbJNbAvLRTFQYAOJeneOkf7S4H47xJVOqREsYB16Ohj2J-2BBSDpObCJNmA-2BYFtHvyJGg0Y0nibfz8FjzCIlf-2FqAorfZyktBarXNcgAr04XtRU5Oqzhbx-2F1Wtm8OtvQdk8LCXep2L7SOXDKr4m89JROAbtM-2Fqnf2TY0vEhyT0jv8lpXQCpNcQ93HhuN0p6-2BjKbGz4FD83cJpg-2B-2BtUP6NDo6F98os-2BYlizswCL1D-2FOtm0-2BStEapZnGy4-2BNeJT0IbZ8womYiZg8yaVNpz3qs6gtM1ANN7p4d69slQ8hVryiRxsJYB-2FIfCFUHK0tfmQIDAVlj7ml1C6tG1NsgDzjAmN7xkqEASkGTVx3pwP-2BtfdlcsZf4AKh4hQvuRgpqjwDDcHWPGdHTwez0EIDKYM9X1Lb9aaFL5jmYkfOQPZy3toDePS1mnst8OCUUGrrMHPU8-2FFQd7Wl3oOr3oyJim7EgveqfNG6Bn-2BOpaBDTmyRzxCK7qbyYqjYAJkcHyXD-2FbVo3nXopMqLc5n2JUyjR-2B45Dto3h-2Fs9xbIa5rmAfs37C21P8tadvG3HJ6tGCYahc3vAAnXswnxFE-3D
)                 





















                Udemy   Udemy
(
https://ablink.students.udemy.com/ls/click?upn=u001.MPWQNoKfOWucilOG4GS8lihcYzRYBIZC6Z-2FIGyeGnXQrW68mH7LijPWQRttxBcUGhFIxXZgrBQAxbLh9P5adl1EIzvxlRgn2Psy85pTC6CArZRQr1Y1COMafVZHtcDZC3g0eqrGHjUK1N9oHArKIMTkqziuYutBXSHHHyFS4XOzQs7I3U5Xfsk1xhe682lsSjmaVzYLwgl-2F8uLZLvwKsTVsBkaWaHSRcgtbXvgtah-2FaLQQ1wbgkI44KOJGQS4FkMvS-2BqziJGAdPOxdNVzb-2FJqg-3D-3DSV1k_jOe6DNNwSZMDDrOWe3WLXuRV23tqB-2BRuOBddZGd6DOKNwzsmNwuxREsIvKe4YxcSKJewr9fHc97ggJuM42e2oVvSNTHuaWhGUDl-2FC81BbJNbAvLRTFQYAOJeneOkf7S4H47xJVOqREsYB16Ohj2J-2BBSDpObCJNmA-2BYFtHvyJGg0Y0nibfz8FjzCIlf-2FqAorfZyktBarXNcgAr04XtRU5Oqzhbx-2F1Wtm8OtvQdk8LCXep2L7SOXDKr4m89JROAbtM-2Fqnf2TY0vEhyT0jv8lpXQCpNcQ93HhuN0p6-2BjKbGz4FD83cJpg-2B-2BtUP6NDo6F98os-2BYlizswCL1D-2FOtm0-2BStEapZnGy4-2BNeJT0IbZ8womYiZg8yaVNpz3qs6gtM1ANN7p4d69slQ8hVryiRxsJYB-2FIfCFUHK0tfmQIDAVlj7ml1C6tG1NsgDzjAmN7xkqEASkGTVx3pwP-2BtfdlcsZf4AKh4hQvuRgpqjwDDcHWPGdHTwez0EIDKYM9X1Lb9aaFL5jmYkfOQPZy3toDePS1mnsrrrTaYi2IEAfjsYr5SNMiLTPbuc-2BGiJeZ87dMysPKrgwrccfX5blG3ewqHAqsAg8SxaaO3V-2F67SlQ2ZAa3B2J6xot6goWrz1qLYgeRyl1fSzneTfxdkN9Stvls6yhCFOhXuC3EO3PU1dTn9qxFLe-2BI-3D
)        Udemy   Udemy     (
https://ablink.students.udemy.com/ls/click?upn=u001.MPWQNoKfOWucilOG4GS8lihcYzRYBIZC6Z-2FIGyeGnXQrW68mH7LijPWQRttxBcUG34bTdQEOZxKHANgCeb5wqE5X-2BwNLlwH6u-2Fo4yuh2H6lUbrI3ngFNuQ7xyCevVZu-2BiAEYhlXhT2sDHNswLRpJYE0PxO3V5NnRyhNKJj2rTDkpyJIwdVsXa-2BgZ-2BjY-2F30dOF7rQn1z6IAD-2Fx-2BK-2FvSMJ2eFVjZUzUJMMtT4yzUMVmcm57LN8ygrfUMJeNEhJFCrjTr6JC72mjQ047Wqqyc4iWQ-3D-3DPw83_jOe6DNNwSZMDDrOWe3WLXuRV23tqB-2BRuOBddZGd6DOKNwzsmNwuxREsIvKe4YxcSKJewr9fHc97ggJuM42e2oVvSNTHuaWhGUDl-2FC81BbJNbAvLRTFQYAOJeneOkf7S4H47xJVOqREsYB16Ohj2J-2BBSDpObCJNmA-2BYFtHvyJGg0Y0nibfz8FjzCIlf-2FqAorfZyktBarXNcgAr04XtRU5Oqzhbx-2F1Wtm8OtvQdk8LCXep2L7SOXDKr4m89JROAbtM-2Fqnf2TY0vEhyT0jv8lpXQCpNcQ93HhuN0p6-2BjKbGz4FD83cJpg-2B-2BtUP6NDo6F98os-2BYlizswCL1D-2FOtm0-2BStEapZnGy4-2BNeJT0IbZ8womYiZg8yaVNpz3qs6gtM1ANN7p4d69slQ8hVryiRxsJYB-2FIfCFUHK0tfmQIDAVlj7ml1C6tG1NsgDzjAmN7xkqEASkGTVx3pwP-2BtfdlcsZf4AKh4hQvuRgpqjwDDcHWPGdHTwez0EIDKYM9X1Lb9aaFL5jmYkfOQPZy3toDePS1mnssXO-2BUJt95ajuD3rN3JwRW-2FjIltXahFCGRFxdbh7MZuo-2FtmED-2FW-2ByiJOrjNtIySU4w-2Fp-2Fn-2Bl-2F534hFazL0MlwQ2vClLKFMg0hN9BE6CjMVgcSrsCv2x0jB3LrkMeWx0TROKIeVZF6RjkHZSET6Gc36s-3D
) The game is changing
Udemy Business shows you how to boost your team's productivity and stay competitive. Trusted by 15.7K+ businesses worldwide.
Tell me more (
https://ablink.students.udemy.com/ls/click?upn=u001.MPWQNoKfOWucilOG4GS8lihcYzRYBIZC6Z-2FIGyeGnXQrW68mH7LijPWQRttxBcUGyb9-2B8fUNqGcOz4i5liOePv3CfdzMbqu3TH-2FrzQOlI7IpwNq788dJiyWJo4lRsBaciPTsuCdwqvV-2F2XcUjqcmOJu039y1OdtVGflhJy8xp6seqy39NCHvptYd4UCZKjTUnPQHTvDNr2Xh7jhMhCIEtS5jC0cpHqnV0BO-2F9Tq4JIwWqjd-2FMDiy2t9inpsflwMP8Sb8u82XMZqfO7PXCnT6hA-3D-3DBmrL_jOe6DNNwSZMDDrOWe3WLXuRV23tqB-2BRuOBddZGd6DOKNwzsmNwuxREsIvKe4YxcSKJewr9fHc97ggJuM42e2oVvSNTHuaWhGUDl-2FC81BbJNbAvLRTFQYAOJeneOkf7S4H47xJVOqREsYB16Ohj2J-2BBSDpObCJNmA-2BYFtHvyJGg0Y0nibfz8FjzCIlf-2FqAorfZyktBarXNcgAr04XtRU5Oqzhbx-2F1Wtm8OtvQdk8LCXep2L7SOXDKr4m89JROAbtM-2Fqnf2TY0vEhyT0jv8lpXQCpNcQ93HhuN0p6-2BjKbGz4FD83cJpg-2B-2BtUP6NDo6F98os-2BYlizswCL1D-2FOtm0-2BStEapZnGy4-2BNeJT0IbZ8womYiZg8yaVNpz3qs6gtM1ANN7p4d69slQ8hVryiRxsJYB-2FIfCFUHK0tfmQIDAVlj7ml1C6tG1NsgDzjAmN7xkqEASkGTVx3pwP-2BtfdlcsZf4AKh4hQvuRgpqjwDDcHWPGdHTwez0EIDKYM9X1Lb9aaFL5jmYkfOQPZy3toDePS1mnsssQX37cu6xwZOf14o-2BWDNUGYL7ifvtQ1fbfV-2B4enhd-2BGjOzL1zza0AlTPUFuJRWtZ4NQRNo9kaznhzvAg5dGurw01dTWdLix-2BnwlLNQVrxNWSwL18fRgFO7NIp1XUVCi5LKc99rxKqmmVn7oL9-2BKZc-3D
)                   













Udemy Logo The power of possibilities
Download our app and learn anywhere apple 
( https://ablink.students.udemy.com/ls/click?upn=u001.MPWQNoKfOWucilOG4GS8lvQcUKdzeedEn1epjly7okyXaO-2F3nq6vcNQi4YsadB967villFTTMEPLFz1g3YAcbqU5IKaGj1u6z0jTX0atb5HML62mozY2hTIry9-2Bg-2Fb2TxRv04oCRzIC5gTEEfI7Cuz7q24b6OP0S52PoKKjhl-2B-2FMlS8lwMAyhqJVnK2D-2FWdgeAnh6AAma4gFx7b-2FalR-2FzDAm1la8UQSiZ47a5dAKCIttwU7-2FTsPiG0WGkz8c0r8mKBvAPjiTA58VlSnj9jI-2FyZfzRLJ8aUXlTb4xSH-2BxYLW3r0wK5oohiR-2BPe6bXPQZa5Ht6TXSjG-2FUhqs926rh23EzNX3yl5OPlijaOVKAC540-3D6Wig_jOe6DNNwSZMDDrOWe3WLXuRV23tqB-2BRuOBddZGd6DOKNwzsmNwuxREsIvKe4YxcSKJewr9fHc97ggJuM42e2oVvSNTHuaWhGUDl-2FC81BbJNbAvLRTFQYAOJeneOkf7S4H47xJVOqREsYB16Ohj2J-2BBSDpObCJNmA-2BYFtHvyJGg0Y0nibfz8FjzCIlf-2FqAorfZyktBarXNcgAr04XtRU5Oqzhbx-2F1Wtm8OtvQdk8LCXep2L7SOXDKr4m89JROAbtM-2Fqnf2TY0vEhyT0jv8lpXQCpNcQ93HhuN0p6-2BjKbGz4FD83cJpg-2B-2BtUP6NDo6F98os-2BYlizswCL1D-2FOtm0-2BStEapZnGy4-2BNeJT0IbZ8womYiZg8yaVNpz3qs6gtM1ANN7p4d69slQ8hVryiRxsJYB-2FIfCFUHK0tfmQIDAVlj7ml1C6tG1NsgDzjAmN7xkqEASkGTVx3pwP-2BtfdlcsZf4AKh4hQvuRgpqjwDDcHWPGdHTwez0EIDKYM9X1Lb9aaFL5jmYkfOQPZy3toDePS1mnsigukHcQP8UfnZTXCrQg0Ek0ybciWGvBW9zdTDbxAvR-2BxDJweo24Amp-2BWxmQIdtdRlD5asOhIR-2BMAZAaCsee-2BvfAZ7Ww42iw4EWg26wR5Jq0IRM5-2B63SBNsQBAttG6b9ci8VjTAdTEQx1OeUlXPrAhA-3D )
 apple 
( https://ablink.students.udemy.com/ls/click?upn=u001.MPWQNoKfOWucilOG4GS8lvQcUKdzeedEn1epjly7okx-2F9-2FGgThkxwvL4bflpIKLSA5IVudqY4Vi68XKd60ycolLm56W2rO0Fd8jqITOQhBB-2B5yIC33X2Wvh3Het5vbsidh4EFj9P9VjfPHD8kucgBaLVvl9jqwaMKIkr7iU4YoF4xjZquSeDpT3FnjKNYTAs-2BXHFGWHAJEDEDqD6YaOeKLNdTgPNiURePE5-2Bt-2BcCpXIugaqNi9QWVJrLNRaOE7R1gR0F0fDmjRXzKryB3h-2BsoSKj7VO2htwWIfdmU-2Bew2dfiebHBM1gGsZxZkSgT0k9OgHtn8K3LeLp6zjDAaH4k5fZIiI2nLL-2FmMyvpxlf7L1A-3Do4lm_jOe6DNNwSZMDDrOWe3WLXuRV23tqB-2BRuOBddZGd6DOKNwzsmNwuxREsIvKe4YxcSKJewr9fHc97ggJuM42e2oVvSNTHuaWhGUDl-2FC81BbJNbAvLRTFQYAOJeneOkf7S4H47xJVOqREsYB16Ohj2J-2BBSDpObCJNmA-2BYFtHvyJGg0Y0nibfz8FjzCIlf-2FqAorfZyktBarXNcgAr04XtRU5Oqzhbx-2F1Wtm8OtvQdk8LCXep2L7SOXDKr4m89JROAbtM-2Fqnf2TY0vEhyT0jv8lpXQCpNcQ93HhuN0p6-2BjKbGz4FD83cJpg-2B-2BtUP6NDo6F98os-2BYlizswCL1D-2FOtm0-2BStEapZnGy4-2BNeJT0IbZ8womYiZg8yaVNpz3qs6gtM1ANN7p4d69slQ8hVryiRxsJYB-2FIfCFUHK0tfmQIDAVlj7ml1C6tG1NsgDzjAmN7xkqEASkGTVx3pwP-2BtfdlcsZf4AKh4hQvuRgpqjwDDcHWPGdHTwez0EIDKYM9X1Lb9aaFL5jmYkfOQPZy3toDePS1mnsm5FhaY7oypS6Bb-2FofiJjo-2FGm1AMHg52RECBNndHhNG7R-2FZYLhUuXYdrcxTw8-2FeOr9YBorM4FMAHv0wnY8ES-2Fz4cRChvgxfBxpfC2ydcbNEHJdchMIa3pwFf2BHjVsBWC-2B8nXqHeI3ueTfMI6jAcMVs-3D )
                    Instagram (
https://ablink.students.udemy.com/ls/click?upn=u001.MPWQNoKfOWucilOG4GS8lktWZ0B95nyX-2BvXv1D5fPmJp8InzCEHs5v4QNRviX-2B7AFWO1GJnip-2FIDxfpXCAU7l53MZRx9j53jYWDGpRsZ8hE9kiZf8OWHspzd4CBxMJVH8fOTAGsetqJopDNsyg7ttN78KnaLVz04ZiYAR-2B9RZ12PKdxcIVa1dBpZWLwpNRgDb1oT4qz-2BlGeLL1xw0LVjLkV4yPNyRY7wSzEZZmMbmjBNkbcc7g03Qiy5T-2FRgyrKBoyGPoJIXT-2FIOxPz-2B-2FF356jEoCA-2BH-2F0u6-2FL6rryRA2JYg4tYfEF3F6hZEKT9hkFTxKowhZ3nQ4-2Fg0CeeOfOLJimXj2mcM7PVYgLg1KjaA3yk-3DrqtO_jOe6DNNwSZMDDrOWe3WLXuRV23tqB-2BRuOBddZGd6DOKNwzsmNwuxREsIvKe4YxcSKJewr9fHc97ggJuM42e2oVvSNTHuaWhGUDl-2FC81BbJNbAvLRTFQYAOJeneOkf7S4H47xJVOqREsYB16Ohj2J-2BBSDpObCJNmA-2BYFtHvyJGg0Y0nibfz8FjzCIlf-2FqAorfZyktBarXNcgAr04XtRU5Oqzhbx-2F1Wtm8OtvQdk8LCXep2L7SOXDKr4m89JROAbtM-2Fqnf2TY0vEhyT0jv8lpXQCpNcQ93HhuN0p6-2BjKbGz4FD83cJpg-2B-2BtUP6NDo6F98os-2BYlizswCL1D-2FOtm0-2BStEapZnGy4-2BNeJT0IbZ8womYiZg8yaVNpz3qs6gtM1ANN7p4d69slQ8hVryiRxsJYB-2FIfCFUHK0tfmQIDAVlj7ml1C6tG1NsgDzjAmN7xkqEASkGTVx3pwP-2BtfdlcsZf4AKh4hQvuRgpqjwDDcHWPGdHTwez0EIDKYM9X1Lb9aaFL5jmYkfOQPZy3toDePS1mnsrplJDcwCRzDqV7IqM6gPLojSIlLtRJIewhWBXSE6PJ54ad9UR-2F4iMOASiskkqKmib8Vm83BN5VbIenoqf67PAdQX83xQAV9WjcivPdL7GklFtXQfCsfJwMdqHyQ-2Flhgxbj8CjBKk4wQW93apze5tPc-3D
)  
( https://ablink.students.udemy.com/ls/click?upn=u001.MPWQNoKfOWucilOG4GS8lj0ugqiqY3U-2B0vmeePH1L2-2F0UZh839hWq8gcdL3yKNNpyBmPs-2BL-2F4b0Kfy6dk2s2ObWf0ovQngD2d56T9AhvI4-2FKM31X5UQIXHFN62NbCQWAinsj7-2BxCUc1P038lbP-2Fu-2FJ1RWKy7t-2F-2Ba6jMQ4BFuCXxAIZ4gL2T4ZvtkPIUZ46Jnao2-2FT7gqfRBHudBMwdTXww-2BSFbrxJUYtsn5oIZKJmTMzAZIDbjqsTKZ5iA2DpWt1cKlFax0l5G2L99DuC-2FDPodTm3zdb40oFDgg9Prt0Kr06ZrCUOzqQJFclbHcYfRr-2BnpAomAGcNn9RYelsKrp-2FSG04iTikVYoGGV-2FPekdQXFG9taLhIqykaMLOcg-2B37u85TogY_jOe6DNNwSZMDDrOWe3WLXuRV23tqB-2BRuOBddZGd6DOKNwzsmNwuxREsIvKe4YxcSKJewr9fHc97ggJuM42e2oVvSNTHuaWhGUDl-2FC81BbJNbAvLRTFQYAOJeneOkf7S4H47xJVOqREsYB16Ohj2J-2BBSDpObCJNmA-2BYFtHvyJGg0Y0nibfz8FjzCIlf-2FqAorfZyktBarXNcgAr04XtRU5Oqzhbx-2F1Wtm8OtvQdk8LCXep2L7SOXDKr4m89JROAbtM-2Fqnf2TY0vEhyT0jv8lpXQCpNcQ93HhuN0p6-2BjKbGz4FD83cJpg-2B-2BtUP6NDo6F98os-2BYlizswCL1D-2FOtm0-2BStEapZnGy4-2BNeJT0IbZ8womYiZg8yaVNpz3qs6gtM1ANN7p4d69slQ8hVryiRxsJYB-2FIfCFUHK0tfmQIDAVlj7ml1C6tG1NsgDzjAmN7xkqEASkGTVx3pwP-2BtfdlcsZf4AKh4hQvuRgpqjwDDcHWPGdHTwez0EIDKYM9X1Lb9aaFL5jmYkfOQPZy3toDePS1mnsnNlt2Ps0nq1lRHn5j3ZdgFzHerkS1BmHWkKCGXqdYN8C7wU91ZhlRjpVEpFume6ZdWOtYygApCbg-2FwKNAExlz4DxjZzI-2BPqEtCp7bKnMQWZKudz4tdPqJX4Ic01MQTh5A28aX-2Fj3bxAT8lx0OjPHB8-3D )
  (
https://ablink.students.udemy.com/ls/click?upn=u001.MPWQNoKfOWucilOG4GS8lsOdOeexWMtyhjU-2Ffnhbi2bb3HbyGj4n-2B4fDKRbLNOy4EDN4TKSC238Mc6VsWT8VocoumUs24AaV4-2BSjjaFmOnBPAj79ibKIFn-2FsbvWKCGwz9SIbq2FykrqtnSFRnpakfoMJFdZ4kzeukQ7lU1Ohvx4kRImkBO9ATUSsrvPaHbuF6N4FJKd-2F3qN3bbSubvd8WzGUpLbAH1lsJp32XLeVQWBFs-2B747UMyedhNVPwxaY2-2FTcaiKJhZ3o9ARbmnWMelsqgKUx1ZPrDLcpEYAZ4Re9WwizDiCO5FP7UaJWM25O7c1rEZ90ySSTIIqpZFyXLEGBvgqa18V4VwWriQnENQR8g-3D0fWn_jOe6DNNwSZMDDrOWe3WLXuRV23tqB-2BRuOBddZGd6DOKNwzsmNwuxREsIvKe4YxcSKJewr9fHc97ggJuM42e2oVvSNTHuaWhGUDl-2FC81BbJNbAvLRTFQYAOJeneOkf7S4H47xJVOqREsYB16Ohj2J-2BBSDpObCJNmA-2BYFtHvyJGg0Y0nibfz8FjzCIlf-2FqAorfZyktBarXNcgAr04XtRU5Oqzhbx-2F1Wtm8OtvQdk8LCXep2L7SOXDKr4m89JROAbtM-2Fqnf2TY0vEhyT0jv8lpXQCpNcQ93HhuN0p6-2BjKbGz4FD83cJpg-2B-2BtUP6NDo6F98os-2BYlizswCL1D-2FOtm0-2BStEapZnGy4-2BNeJT0IbZ8womYiZg8yaVNpz3qs6gtM1ANN7p4d69slQ8hVryiRxsJYB-2FIfCFUHK0tfmQIDAVlj7ml1C6tG1NsgDzjAmN7xkqEASkGTVx3pwP-2BtfdlcsZf4AKh4hQvuRgpqjwDDcHWPGdHTwez0EIDKYM9X1Lb9aaFL5jmYkfOQPZy3toDePS1mnsqo1kUayizmJZBeGPRBQNcu-2FGQ-2BiwRs3dRNTV-2FitlbHsWGCmNgaJUmiQkPVGHRo1posX9MqAsUyxkBB9nSJaAjabO4UVolYjyYEL8unfhq21iFuDDA6P-2B0HUXJuQneo57j09-2Bxx-2ByoHUKknxB-2B8AaNc-3D
)  (
https://ablink.students.udemy.com/ls/click?upn=u001.MPWQNoKfOWucilOG4GS8lkE7uN4GALu4qwDrYxhQKcEyCAgevywPW8D5AIAvEY5omAyOODNKqws0fxhWjVkLDeo-2FktlDQ-2B76gfoY-2FEJSNVytBi-2Fq66C7v3MnrCTdDXP2SiO0B-2BUP8x3K-2Brbgs7E-2BDW2Dsxown0g5rvyz3IrjMWUv6qGxr3durxsOi6cICGtnfgpdW7HHvTvPcMPOS-2Bxyi-2BGSim411liwDIdk9gd7WcWoR-2BN14GGOT7aHJecc2955YrgQiKJr6w-2BMNEZ5jUG-2FTdggPA0Yg9syKzsVVbywRS4wQCCBGOnZ2aHWHucUMNvKYRExAb0wYG5Sgmq2MbT-2FNR1hb7UuSTZadPTSzrDeICsm1EVq0mN-2FlUEyGIoPnQRtr2bD_jOe6DNNwSZMDDrOWe3WLXuRV23tqB-2BRuOBddZGd6DOKNwzsmNwuxREsIvKe4YxcSKJewr9fHc97ggJuM42e2oVvSNTHuaWhGUDl-2FC81BbJNbAvLRTFQYAOJeneOkf7S4H47xJVOqREsYB16Ohj2J-2BBSDpObCJNmA-2BYFtHvyJGg0Y0nibfz8FjzCIlf-2FqAorfZyktBarXNcgAr04XtRU5Oqzhbx-2F1Wtm8OtvQdk8LCXep2L7SOXDKr4m89JROAbtM-2Fqnf2TY0vEhyT0jv8lpXQCpNcQ93HhuN0p6-2BjKbGz4FD83cJpg-2B-2BtUP6NDo6F98os-2BYlizswCL1D-2FOtm0-2BStEapZnGy4-2BNeJT0IbZ8womYiZg8yaVNpz3qs6gtM1ANN7p4d69slQ8hVryiRxsJYB-2FIfCFUHK0tfmQIDAVlj7ml1C6tG1NsgDzjAmN7xkqEASkGTVx3pwP-2BtfdlcsZf4AKh4hQvuRgpqjwDDcHWPGdHTwez0EIDKYM9X1Lb9aaFL5jmYkfOQPZy3toDePS1mnslz26eob-2Bf8eG1c3ec0XWqnpXiMiQSB3HVSOhRNp0pmBcj2Hmg9E-2FlFmVcVdegiAoOVcEL7nuOqxiuNk6q0QK9BP9JttKR0VZYA6iSX9eftXF1S-2FpDRJRQxiby-2B86i-2BFfCh1nWe0IeVgiVkd7vuRUCw-3D
)  (
https://ablink.students.udemy.com/ls/click?upn=u001.MPWQNoKfOWucilOG4GS8lguLLBbPRONAPVNgdA4KZXBNlC88STr9pkLVaoFPau5M-2FDqEhiXQ11UPeP-2F0HfXgHoApF3FFelcoOIlGVbjPsrp9ixXAxhm71z3L7gpeBc0uhvRLneoxcJrnWHBzSzMhlcyl7sAvXSs6PSu2IcaM87Xnji0M-2F0qiTiIhGozAmh3YPl3OZtkRNh8O5PizDi1YcrVwGLFShRChpHIlDgZAhRjnOCLxCQnJ8WyAFPEr2Bc4uUtOfGpzokknPrTVKPgbyh-2FM0QvtOTQxQe9JhYAaAQ38F80MM5mMA3HVS1NtTou0X7OlBNpu9jkGOhXqHk-2FKppe-2FGkHzbSi44xp29CEsWhU-3D1st3_jOe6DNNwSZMDDrOWe3WLXuRV23tqB-2BRuOBddZGd6DOKNwzsmNwuxREsIvKe4YxcSKJewr9fHc97ggJuM42e2oVvSNTHuaWhGUDl-2FC81BbJNbAvLRTFQYAOJeneOkf7S4H47xJVOqREsYB16Ohj2J-2BBSDpObCJNmA-2BYFtHvyJGg0Y0nibfz8FjzCIlf-2FqAorfZyktBarXNcgAr04XtRU5Oqzhbx-2F1Wtm8OtvQdk8LCXep2L7SOXDKr4m89JROAbtM-2Fqnf2TY0vEhyT0jv8lpXQCpNcQ93HhuN0p6-2BjKbGz4FD83cJpg-2B-2BtUP6NDo6F98os-2BYlizswCL1D-2FOtm0-2BStEapZnGy4-2BNeJT0IbZ8womYiZg8yaVNpz3qs6gtM1ANN7p4d69slQ8hVryiRxsJYB-2FIfCFUHK0tfmQIDAVlj7ml1C6tG1NsgDzjAmN7xkqEASkGTVx3pwP-2BtfdlcsZf4AKh4hQvuRgpqjwDDcHWPGdHTwez0EIDKYM9X1Lb9aaFL5jmYkfOQPZy3toDePS1mnslsirwslqm4z89Let36fTZWjo531zoSp8uuoith4GiO-2BljtH2oIbIzJCZjj1EaPhrRkK7tfZZaEhNlMaM9N1uZWKELDsObmzGBnr5NvKFf75dPaFFdq4M8C-2Bgr4YEBn5cw16CzjvsgBAFFnJzGIaK6Y-3D
)                  About us 
( https://ablink.students.udemy.com/ls/click?upn=u001.MPWQNoKfOWucilOG4GS8ljZ2N1srvEeqyF58StdLQByyJ9-2BH1EVf26bmohDfwedlBmVbNWP6OtNVN7jtcw7G0rFEdQ6-2B7EISmJ0-2F50383AXRA6gzL3rG86AVoUSgSFCOGfhCg61u27f9xawjQ3jK4uLoe0Cc1YmoqMFdu2ralWBMVYgt8TDsmj33cwK-2FtR6f3qYVuDEiTsQiRy5rSde2S8k-2FXx8OE7U9X92s0346S0nFoEvPSedCoNwJh6fh3mS8V-2B9w3qli7LjWs2CHh-2Fic0gl6XwZEOI-2BazgO0VwkPvptLp6a8LpuDctFeNuZgJpo074nVKFNDp-2BNI8KJmwHwAp9Cx7I32gZOyreYAXas0Cvc-3Dt8k7_jOe6DNNwSZMDDrOWe3WLXuRV23tqB-2BRuOBddZGd6DOKNwzsmNwuxREsIvKe4YxcSKJewr9fHc97ggJuM42e2oVvSNTHuaWhGUDl-2FC81BbJNbAvLRTFQYAOJeneOkf7S4H47xJVOqREsYB16Ohj2J-2BBSDpObCJNmA-2BYFtHvyJGg0Y0nibfz8FjzCIlf-2FqAorfZyktBarXNcgAr04XtRU5Oqzhbx-2F1Wtm8OtvQdk8LCXep2L7SOXDKr4m89JROAbtM-2Fqnf2TY0vEhyT0jv8lpXQCpNcQ93HhuN0p6-2BjKbGz4FD83cJpg-2B-2BtUP6NDo6F98os-2BYlizswCL1D-2FOtm0-2BStEapZnGy4-2BNeJT0IbZ8womYiZg8yaVNpz3qs6gtM1ANN7p4d69slQ8hVryiRxsJYB-2FIfCFUHK0tfmQIDAVlj7ml1C6tG1NsgDzjAmN7xkqEASkGTVx3pwP-2BtfdlcsZf4AKh4hQvuRgpqjwDDcHWPGdHTwez0EIDKYM9X1Lb9aaFL5jmYkfOQPZy3toDePS1mnsjYBJINdvgnXFEfyF9fKP3oCtDWZtDi8Kxx3t7YrWN-2F1PlDipe7ZyNXO6CBY34UNO5oJ0QWjlLLytRkBxtasCEuuRyMbAf93WQZJlmne7jsloBiAZvVV9yRZoKAPzkBBVSmEqw7vSJ866RZBdI-2B2o6w-3D )
    |    Udemy Business (
https://ablink.students.udemy.com/ls/click?upn=u001.MPWQNoKfOWucilOG4GS8lihcYzRYBIZC6Z-2FIGyeGnXS3ETWcuLZlVdTBTxLaEukyZloVm4loHsO8RI5yFAs5r-2FzeSQI9ngaXXt1-2BCxQtcfyNmS6hWZZ-2BG4OSTY9ga6vrQ2YSDEAJv50l8dGSD2dkGoj0Uy-2FblUF0sp9DgArY-2BMMlciLLHCg6izal9DJFnuzTT1jrlITdU-2BynvUID3gtpIEaM1vzGePyQ-2FDNu-2Fu5zmAGdoTBcJWNWHIBVPQ9y6e7BAb1j1Bl-2BqDLigZQt-2FnvrpAcF4A8zIG95eu7U1rrnwWa-2BUoICJ7rrHx-2FTLVE7fscEkMu-2BFlcM1CoMac8FjsUnVQQ7wykvnMT5laJK4-2Fpwqcs-3Dd2aG_jOe6DNNwSZMDDrOWe3WLXuRV23tqB-2BRuOBddZGd6DOKNwzsmNwuxREsIvKe4YxcSKJewr9fHc97ggJuM42e2oVvSNTHuaWhGUDl-2FC81BbJNbAvLRTFQYAOJeneOkf7S4H47xJVOqREsYB16Ohj2J-2BBSDpObCJNmA-2BYFtHvyJGg0Y0nibfz8FjzCIlf-2FqAorfZyktBarXNcgAr04XtRU5Oqzhbx-2F1Wtm8OtvQdk8LCXep2L7SOXDKr4m89JROAbtM-2Fqnf2TY0vEhyT0jv8lpXQCpNcQ93HhuN0p6-2BjKbGz4FD83cJpg-2B-2BtUP6NDo6F98os-2BYlizswCL1D-2FOtm0-2BStEapZnGy4-2BNeJT0IbZ8womYiZg8yaVNpz3qs6gtM1ANN7p4d69slQ8hVryiRxsJYB-2FIfCFUHK0tfmQIDAVlj7ml1C6tG1NsgDzjAmN7xkqEASkGTVx3pwP-2BtfdlcsZf4AKh4hQvuRgpqjwDDcHWPGdHTwez0EIDKYM9X1Lb9aaFL5jmYkfOQPZy3toDePS1mnsv5wfkWsWpi20uzaxQHGDnlaOMPTuABUIh59r7KqaoOm6jNfi6B2C1FzBpEv5dI84IYFKnrE1FObFIxy3h8zHb8jVmjKp561-2F5mS914fE-2Bmi4UFqMqdNf5GyTYc0PBQvGI6MIuqATV6Oooe9kFyctjA-3D
)               You are receiving this email because you signed up on Udemy.com with this email address. Please do not reply to this unmonitored email account. Visit the <a href=""https://ablink.students.udemy.com/ls/click?upn=u001.MPWQNoKfOWucilOG4GS8lu3YomVGrfz3oxvOve8qE3NzkMOWp-2B6V4qq4HbZyhEUa9pjd_jOe6DNNwSZMDDrOWe3WLXuRV23tqB-2BRuOBddZGd6DOKNwzsmNwuxREsIvKe4YxcSKJewr9fHc97ggJuM42e2oVvSNTHuaWhGUDl-2FC81BbJNbAvLRTFQYAOJeneOkf7S4H47xJVOqREsYB16Ohj2J-2BBSDpObCJNmA-2BYFtHvyJGg0Y0nibfz8FjzCIlf-2FqAorfZyktBarXNcgAr04XtRU5Oqzhbx-2F1Wtm8OtvQdk8LCXep2L7SOXDKr4m89JROAbtM-2Fqnf2TY0vEhyT0jv8lpXQCpNcQ93HhuN0p6-2BjKbGz4FD83cJpg-2B-2BtUP6NDo6F98os-2BYlizswCL1D-2FOtm0-2BStEapZnGy4-2BNeJT0IbZ8womYiZg8yaVNpz3qs6gtM1ANN7p4d69slQ8hVryiRxsJYB-2FIfCFUHK0tfmQIDAVlj7ml1C6tG1NsgDzjAmN7xkqEASkGTVx3pwP-2BtfdlcsZf4AKh4hQvuRgpqjwDDcHWPGdHTwez0EIDKYM9X1Lb9aaFL5jmYkfOQPZy3toDePS1mnsh94yoWCgCr-2BNZkJtmGYmwePO74uKs9620y9TjdZWjiuTdCOkgfKP7Z-2FuErTRx8ZkGhYjzxM3kE-2FD92q5cw7-2BCEPtCQ95yKZhSVKda6-2Bym6JLqmSGNS3w-2FzUE2YVFgyt4hsDwMtyYQfqmHSjvURK-2BGE-3D style=""color:#ffffff !important"">help center</a> for questions and support.
Manage preferences 
( https://ablink.students.udemy.com/ls/click?upn=u001.MPWQNoKfOWucilOG4GS8lt5jOB8SnQq4hYJ2zqDMnrFn5Oj2AT0Snz-2Fn3W-2Bd11v2uGeg0z-2Fqc3PVBCGHNTchEJ6FfG5Bo8Zz5flGdRkgh60N-2FnuzXxQmYKLK4BShaZupv65g4ljyH5MK8sMs7K5tHIQKt2H6iVSjNpu0lHD0ORoHerJFst14zYGJQSFbu6KMIb0meG11QHfy12s-2BNb3k-2FHqtuszf1I94ioI3mSh-2BLGhvV9lIowgayfGqEVFVHmE1feynJVpL0zkw6-2BbIdT5jU3WuG3etNfJ4M2g4KLBL3JHq8h0k2TEJy6KdFhXYSjLi-2BWf730WJ4v3aEPmWo-2FzANkYsiLzDqyMTdoN4DpZmMTDJMuVB8Vx6mz8MsxoPw16c0pgb4tbG-2B3I60a5-2FgqeCwg-3D-3DAcaP_jOe6DNNwSZMDDrOWe3WLXuRV23tqB-2BRuOBddZGd6DOKNwzsmNwuxREsIvKe4YxcSKJewr9fHc97ggJuM42e2oVvSNTHuaWhGUDl-2FC81BbJNbAvLRTFQYAOJeneOkf7S4H47xJVOqREsYB16Ohj2J-2BBSDpObCJNmA-2BYFtHvyJGg0Y0nibfz8FjzCIlf-2FqAorfZyktBarXNcgAr04XtRU5Oqzhbx-2F1Wtm8OtvQdk8LCXep2L7SOXDKr4m89JROAbtM-2Fqnf2TY0vEhyT0jv8lpXQCpNcQ93HhuN0p6-2BjKbGz4FD83cJpg-2B-2BtUP6NDo6F98os-2BYlizswCL1D-2FOtm0-2BStEapZnGy4-2BNeJT0IbZ8womYiZg8yaVNpz3qs6gtM1ANN7p4d69slQ8hVryiRxsJYB-2FIfCFUHK0tfmQIDAVlj7ml1C6tG1NsgDzjAmN7xkqEASkGTVx3pwP-2BtfdlcsZf4AKh4hQvuRgpqjwDDcHWPGdHTwez0EIDKYM9X1Lb9aaFL5jmYkfOQPZy3toDePS1mnsh7A1Y3if20GU0nH3BhsC6sa6GQbQUejtH1UtLzvffL75qoCvdxyYi4e5a0B7dtA-2Fkv0pxEbNIijhLmU7D3lW-2Fsgg4tUQIpqMC4um0gk8WeCS8-2BYWLC3GVRiUUiH2a-2BfXd7ZqXiyqni3PyEMP0GIg0w-3D )
             Support 
( https://ablink.students.udemy.com/ls/click?upn=u001.MPWQNoKfOWucilOG4GS8lu3YomVGrfz3oxvOve8qE3PfxAGjv2IGWE3-2BzrAOLI6dXKSjLQYH2zbch4TKTR-2BmiJ9nI58oAqltibIJuXFg9fGmpwJbpRd-2FiySckpRGcMGZWgK4s58T1RRYHWFWGrz4AH9iC0ly0662OqW-2BaxWxN2ySzFN6ewkRmp-2FA2suec5FXmwtNaUZIi0gHi5tTPhG-2FkOwTFsW46aZmapJ2i-2FBx1PI-2F4bha6zLHe8I6fMxXDsTrv21Eif8OJK3M7yKNOSk4Orj7KVWyL-2B5CMdvF266iS3RsLowBgDwGGlps4UlW11pOErfSL8sSViG04YximSM5cdDl5mPmerPmF41OgcDT-2BfuXINDfmJ1-2B-2FfqdSCZrPFjMxcnc_jOe6DNNwSZMDDrOWe3WLXuRV23tqB-2BRuOBddZGd6DOKNwzsmNwuxREsIvKe4YxcSKJewr9fHc97ggJuM42e2oVvSNTHuaWhGUDl-2FC81BbJNbAvLRTFQYAOJeneOkf7S4H47xJVOqREsYB16Ohj2J-2BBSDpObCJNmA-2BYFtHvyJGg0Y0nibfz8FjzCIlf-2FqAorfZyktBarXNcgAr04XtRU5Oqzhbx-2F1Wtm8OtvQdk8LCXep2L7SOXDKr4m89JROAbtM-2Fqnf2TY0vEhyT0jv8lpXQCpNcQ93HhuN0p6-2BjKbGz4FD83cJpg-2B-2BtUP6NDo6F98os-2BYlizswCL1D-2FOtm0-2BStEapZnGy4-2BNeJT0IbZ8womYiZg8yaVNpz3qs6gtM1ANN7p4d69slQ8hVryiRxsJYB-2FIfCFUHK0tfmQIDAVlj7ml1C6tG1NsgDzjAmN7xkqEASkGTVx3pwP-2BtfdlcsZf4AKh4hQvuRgpqjwDDcHWPGdHTwez0EIDKYM9X1Lb9aaFL5jmYkfOQPZy3toDePS1mnssNwwsGVq9JHMe-2BVzDl117rANhQZVkY2345x7UfTM4xf726dIDtxdyp4-2FNVZWfkjaWKSo6xIfmjvZ1lmZEH9Hd-2FnN14A-2Fx13iPlf4z-2BSuFEdWV4WRsZZdcgQMD5M-2FXDMb5sz899gHuoNwsoKQZ7n-2BAs-3D )
             Unsubscribe (
https://ablink.students.udemy.com/ls/click?upn=u001.MPWQNoKfOWucilOG4GS8lmLPJt1FEAzixX-2B88doEe9Clb5fE5BZvC7M-2BkpAsDRFhUx5bzTRkQGkvgOoWfl0RkCtiW9gXHa9CZDcRl2WEP8E-2FFbEeC6npeTVYu-2Ba-2FhBNH5G-2BFBNAvzK2jLg41nz7UySCSl5jxUQloOUVgYrDInr-2BtumZ8jmNznoFKLOkXlj5xk3X9dpel-2BCPEoZK9PtSl5Hc-2FtgKSyIQ79rtKQLXIOymId0QliBGbeCEBLrYTclgyMTvnxtqi0RA6OTG33p1ZSiVko0oLr1mi1SwviUavdoKeTMtgRWJX0H7M23PLYXkY4yZTxlONDWU3w1hgfnnUKruVtJqcXhPyAUpV3gJpBtP6ynL-2FThxZpxlVeDWe-2BmsS15VLO3o2tq1lCSDFUrM2DkNh-2BcFLQClyuMB1Df6Pf5jIKpWEMLvVKLHRTZBwczM9Ch71EJQvN9aYHcyqqHScEAVlve6Z34fVA0iMNwLvtcrw2iZ6HArfnwVy-2B8h2X1zV-2FfVaaSEWVbwwbPeGqxdBpFhX6CuR7yrA9Vu-2F9MdqFu-2B7LaI9eRgXksDaocPOKBC8Z96Z0EHkeTRWP-2BiDXd5xUJPMs2YYXJSaEiCo3VyPAzE-3D9pyL_jOe6DNNwSZMDDrOWe3WLXuRV23tqB-2BRuOBddZGd6DOKNwzsmNwuxREsIvKe4YxcSKJewr9fHc97ggJuM42e2oVvSNTHuaWhGUDl-2FC81BbJNbAvLRTFQYAOJeneOkf7S4H47xJVOqREsYB16Ohj2J-2BBSDpObCJNmA-2BYFtHvyJGg0Y0nibfz8FjzCIlf-2FqAorfZyktBarXNcgAr04XtRU5Oqzhbx-2F1Wtm8OtvQdk8LCXep2L7SOXDKr4m89JROAbtM-2Fqnf2TY0vEhyT0jv8lpXQCpNcQ93HhuN0p6-2BjKbGz4FD83cJpg-2B-2BtUP6NDo6F98os-2BYlizswCL1D-2FOtm0-2BStEapZnGy4-2BNeJT0IbZ8womYiZg8yaVNpz3qs6gtM1ANN7p4d69slQ8hVryiRxsJYB-2FIfCFUHK0tfmQIDAVlj7ml1C6tG1NsgDzjAmN7xkqEASkGTVx3pwP-2BtfdlcsZf4AKh4hQvuRgpqjwDDcHWPGdHTwez0EIDKYM9X1Lb9aaFL5jmYkfOQPZy3toDePS1mnsk-2BgnyqDFsLTC4t8fniwW-2FyPqiCDFf4KVuQQKPwpejtpFwJZIFYfSo5XFNJ-2B9CN-2FvNQsNyjLlFk1zt6EUncszGf-2FlYMfkTct80OXil5XlVij6gzWISuBr4hB6MGD-2BBXAg13oGZGpqGW-2FwaFLMMe5OUY-3D
)           Privacy terms 
( https://ablink.students.udemy.com/ls/click?upn=u001.MPWQNoKfOWucilOG4GS8llZZXCvPhpO2-2Fr1B92MXjE3gQaT6Vz-2BxTBBQcGb6HVyghf-2Fz2Z0A3Xkbl9a5Nzf7Yy8k1ux9hEctSfdt-2BYGQ6-2FtZDCL8rhbJjwq6o9tuZ-2FCueTASF20DryVTjaAjTnPRyMFVU7QGWqXtSUQjKLHp4qsZFyUr4rmlwmBKxHPqQjrXRX7cxNJl1dn8cFIdhOLTzsGem99nRuoWRs6AOlgr-2BahxJMZUxyZFZhksjqw1zdQuQXct4ZgKAU1oB7O0ScSwR1xyL-2F0oiirRrcPyy5yL9JAaK-2FjDV6Ib9tseBJphhlU4EwsUdboF5g9z-2FeyDSTrPK2xzV8BtqrCNfVVrf-2BLFAtDup8Ft4ODAQdFZj2Dsf-2BcJqwFy_jOe6DNNwSZMDDrOWe3WLXuRV23tqB-2BRuOBddZGd6DOKNwzsmNwuxREsIvKe4YxcSKJewr9fHc97ggJuM42e2oVvSNTHuaWhGUDl-2FC81BbJNbAvLRTFQYAOJeneOkf7S4H47xJVOqREsYB16Ohj2J-2BBSDpObCJNmA-2BYFtHvyJGg0Y0nibfz8FjzCIlf-2FqAorfZyktBarXNcgAr04XtRU5Oqzhbx-2F1Wtm8OtvQdk8LCXep2L7SOXDKr4m89JROAbtM-2Fqnf2TY0vEhyT0jv8lpXQCpNcQ93HhuN0p6-2BjKbGz4FD83cJpg-2B-2BtUP6NDo6F98os-2BYlizswCL1D-2FOtm0-2BStEapZnGy4-2BNeJT0IbZ8womYiZg8yaVNpz3qs6gtM1ANN7p4d69slQ8hVryiRxsJYB-2FIfCFUHK0tfmQIDAVlj7ml1C6tG1NsgDzjAmN7xkqEASkGTVx3pwP-2BtfdlcsZf4AKh4hQvuRgpqjwDDcHWPGdHTwez0EIDKYM9X1Lb9aaFL5jmYkfOQPZy3toDePS1mnsh-2B21V72O8hoIDVLlrIjaWi-2FaPrt2l6mTN5g1EjLkJO6xxWDqASwhksd3pyUm42s2wvHXtj-2BzcjK933Om49-2Bff-2FReW-2FEXZoLdlzcou9aXjCeKQpUFRwVP-2FR28YHF1VNRKF1yjVOy-2FfXd4b1Woj3uklU-3D )
                 Udemy, 600 Harrison Street, 3rd floor, San Francisco, CA 94107

*Some exclusions apply. Coupon code expires 2025-03-14.

"
yamini n <invitations@linkedin.com>,=?UTF-8?Q?You_have_an_invitation_=E2=9C=89=EF=B8=8F?=,"yamini, Data Scientist from Lavu Tech Solutions Sdn Bhd is waiting for your response
        
Hi Syed, I’d like to join your professional network

yamini n
Data Scientist | NLP | Machine Learning | Generative AI
Hyderabad
5 connections in common
See all connections in common:https://www.linkedin.com/comm/search/results/people/?facetNetwork=%5B%22F%22%5D&facetConnectionOf=%5B%22ADoAAFRHvwkBQIWP7UFHt_lfRm0BX7TkmyljhEc%22%5D&origin=SHARED_CONNECTIONS_CANNED_SEARCH&lipi=urn%3Ali%3Apage%3Aemail_email_m2m_invite_single_01%3B7FfOzTM%2BTPGe3NV7v7JfjQ%3D%3D&midToken=AQGBM-QG-6Pfvg&midSig=2j1C0j0VLy-XE1&trk=eml-email_m2m_invite_single_01-connections~in~common~text-0-view~connections&trkEmail=eml-email_m2m_invite_single_01-connections~in~common~text-0-view~connections-null-ifo4ri~m87kkr3r~1h-null-null&eid=ifo4ri-m87kkr3r-1h&otpToken=MTMwNDFmZTQxNTJmYzhjN2I2MjgwZmViNDExYWU2YmM4N2NkZDY0ODliYTc4YTZjN2JjZjA2NmU0OTUyNTlmNGYwZDVkMGU5NGJmYWRhZDI1OTljZDVhMzk4OGY4NDgwNGZjMTc3MWZiMmI0OWE2ZGYxMjE0ZmNjLDEsMQ%3D%3D

Accept:https://www.linkedin.com/comm/mynetwork/invite-accept/invitationId/7305983122985177090/sharedKey/HKYQ6QOE/?inviterVanityName=yaminin499&lipi=urn%3Ali%3Apage%3Aemail_email_m2m_invite_single_01%3B7FfOzTM%2BTPGe3NV7v7JfjQ%3D%3D&midToken=AQGBM-QG-6Pfvg&midSig=2j1C0j0VLy-XE1&trk=eml-email_m2m_invite_single_01-null-0-null&trkEmail=eml-email_m2m_invite_single_01-null-0-null-null-ifo4ri~m87kkr3r~1h-null-null&eid=ifo4ri-m87kkr3r-1h&otpToken=MTMwNDFmZTQxNTJmYzhjN2I2MjgwZmViNDExYWU2YmM4N2NkZDY0ODliYTc4YTZjN2JjZjA2NmU0OTUyNTlmNGYwZDVkMGU5NGJmYWRhZDI1OTljZDVhMzk4OGY4NDgwNGZjMTc3MWZiMmI0OWE2ZGYxMjE0ZmNjLDEsMQ%3D%3D
View profile:https://in.linkedin.com/comm/in/yaminin499?lipi=urn%3Ali%3Apage%3Aemail_email_m2m_invite_single_01%3B7FfOzTM%2BTPGe3NV7v7JfjQ%3D%3D&midToken=AQGBM-QG-6Pfvg&midSig=2j1C0j0VLy-XE1&trk=eml-email_m2m_invite_single_01-null-0-null&trkEmail=eml-email_m2m_invite_single_01-null-0-null-null-ifo4ri~m87kkr3r~1h-null-null&eid=ifo4ri-m87kkr3r-1h&otpToken=MTMwNDFmZTQxNTJmYzhjN2I2MjgwZmViNDExYWU2YmM4N2NkZDY0ODliYTc4YTZjN2JjZjA2NmU0OTUyNTlmNGYwZDVkMGU5NGJmYWRhZDI1OTljZDVhMzk4OGY4NDgwNGZjMTc3MWZiMmI0OWE2ZGYxMjE0ZmNjLDEsMQ%3D%3D

Grow your network faster with Premium
Premium subscribers have 14x more connections on average.
http://www.linkedin.com/comm/premium/products/?upsellOrderOrigin=Tracking%3Av1%3Aemail_m2m_upsell%3AEmail+Stork%3AMarketing&referenceId=CTofM5sYQ6abq5vKX0wIrw%3D%3D&isSS=false&lipi=urn%3Ali%3Apage%3Aemail_email_m2m_invite_single_01%3B7FfOzTM%2BTPGe3NV7v7JfjQ%3D%3D&midToken=AQGBM-QG-6Pfvg&midSig=2j1C0j0VLy-XE1&trk=eml-email_m2m_invite_single_01-m2m-0-premium~upsell~text&trkEmail=eml-email_m2m_invite_single_01-m2m-0-premium~upsell~text-null-ifo4ri~m87kkr3r~1h-null-null&eid=ifo4ri-m87kkr3r-1h&otpToken=MTMwNDFmZTQxNTJmYzhjN2I2MjgwZmViNDExYWU2YmM4N2NkZDY0ODliYTc4YTZjN2JjZjA2NmU0OTUyNTlmNGYwZDVkMGU5NGJmYWRhZDI1OTljZDVhMzk4OGY4NDgwNGZjMTc3MWZiMmI0OWE2ZGYxMjE0ZmNjLDEsMQ%3D%3D
  

----------------------------------------

This email was intended for Syed Saleem (AI/ML Engineer @ Innovapath INC limited | Generative AI | NLP | Conversational AI & RAG  | Machine Learning | Langchain | Pytorch | AI | Python)
Learn why we included this: https://www.linkedin.com/help/linkedin/answer/4788?lang=en&lipi=urn%3Ali%3Apage%3Aemail_email_m2m_invite_single_01%3B7FfOzTM%2BTPGe3NV7v7JfjQ%3D%3D&midToken=AQGBM-QG-6Pfvg&midSig=2j1C0j0VLy-XE1&trk=eml-email_m2m_invite_single_01-SecurityHelp-0-textfooterglimmer&trkEmail=eml-email_m2m_invite_single_01-SecurityHelp-0-textfooterglimmer-null-ifo4ri~m87kkr3r~1h-null-null&eid=ifo4ri-m87kkr3r-1h&otpToken=MTMwNDFmZTQxNTJmYzhjN2I2MjgwZmViNDExYWU2YmM4N2NkZDY0ODliYTc4YTZjN2JjZjA2NmU0OTUyNTlmNGYwZDVkMGU5NGJmYWRhZDI1OTljZDVhMzk4OGY4NDgwNGZjMTc3MWZiMmI0OWE2ZGYxMjE0ZmNjLDEsMQ%3D%3D
You are receiving LinkedIn invitations emails.

Unsubscribe: https://www.linkedin.com/comm/psettings/email-unsubscribe?lipi=urn%3Ali%3Apage%3Aemail_email_m2m_invite_single_01%3B7FfOzTM%2BTPGe3NV7v7JfjQ%3D%3D&midToken=AQGBM-QG-6Pfvg&midSig=2j1C0j0VLy-XE1&trk=eml-email_m2m_invite_single_01-unsubscribe-0-textfooterglimmer&trkEmail=eml-email_m2m_invite_single_01-unsubscribe-0-textfooterglimmer-null-ifo4ri~m87kkr3r~1h-null-null&eid=ifo4ri-m87kkr3r-1h&loid=AQFHnYr5yLEweAAAAZWQW9eMZ3cz_L5SRLUDUnNwWjwGFFxi2O1azXfe63pXTU7ynVvHR7rDCbuZLC0orWqzNuIlWDeKOM5OkYtH
Help: https://www.linkedin.com/help/linkedin/answer/67?lang=en&lipi=urn%3Ali%3Apage%3Aemail_email_m2m_invite_single_01%3B7FfOzTM%2BTPGe3NV7v7JfjQ%3D%3D&midToken=AQGBM-QG-6Pfvg&midSig=2j1C0j0VLy-XE1&trk=eml-email_m2m_invite_single_01-help-0-textfooterglimmer&trkEmail=eml-email_m2m_invite_single_01-help-0-textfooterglimmer-null-ifo4ri~m87kkr3r~1h-null-null&eid=ifo4ri-m87kkr3r-1h&otpToken=MTMwNDFmZTQxNTJmYzhjN2I2MjgwZmViNDExYWU2YmM4N2NkZDY0ODliYTc4YTZjN2JjZjA2NmU0OTUyNTlmNGYwZDVkMGU5NGJmYWRhZDI1OTljZDVhMzk4OGY4NDgwNGZjMTc3MWZiMmI0OWE2ZGYxMjE0ZmNjLDEsMQ%3D%3D

© 2025 LinkedIn Corporation, 1zwnj000 West Maude Avenue, Sunnyvale, CA 94085.
LinkedIn and the LinkedIn logo are registered trademarks of LinkedIn."
Naukri Alerts <naukrialerts@naukri.com>,"=?UTF-8?Q?_=F0=9F=94=94_Syed,_check_out_jobs_applied_by_your_peers_?=","Job recommendations based on your Naukri.com profile
"
