email_text,category
Hiring QA engineers experienced in Selenium and automated testing.,QA
We need a front-end developer proficient in React and Tailwind CSS.,UI
We need a quality assurance specialist with experience in JIRA and TestRail.,QA
Hiring data scientists skilled in machine learning and model deployment.,ML
Looking for a software tester to perform manual and automated testing.,QA
Seeking a test engineer to develop end-to-end test frameworks.,QA
"Join our team as a UI developer, working with Angular and TypeScript.",UI
"Join our team as a UI developer, working with Angular and TypeScript.",UI
Join our AI team to develop deep learning solutions for image recognition.,ML
Seeking ML experts with experience in LLM fine-tuning and embeddings.,ML
Looking for a software tester to perform manual and automated testing.,QA
Looking for a software tester to perform manual and automated testing.,QA
Seeking a test engineer to develop end-to-end test frameworks.,QA
Looking for a UI/UX designer to create intuitive user experiences.,UI
Seeking a test engineer to develop end-to-end test frameworks.,QA
Join our AI team to develop deep learning solutions for image recognition.,ML
Looking for a software tester to perform manual and automated testing.,QA
We need a front-end developer proficient in React and Tailwind CSS.,UI
Join our QA team to work on performance testing and test automation.,QA
We need a quality assurance specialist with experience in JIRA and TestRail.,QA
Seeking a test engineer to develop end-to-end test frameworks.,QA
Seeking a front-end engineer to optimize user interfaces for mobile apps.,UI
Looking for a software tester to perform manual and automated testing.,QA
We need a front-end developer proficient in React and Tailwind CSS.,UI
Looking for a software tester to perform manual and automated testing.,QA
Seeking a test engineer to develop end-to-end test frameworks.,QA
Join our QA team to work on performance testing and test automation.,QA
Join our AI team to develop deep learning solutions for image recognition.,ML
Hiring data scientists skilled in machine learning and model deployment.,ML
Looking for a software tester to perform manual and automated testing.,QA
Hiring data scientists skilled in machine learning and model deployment.,ML
Join our QA team to work on performance testing and test automation.,QA
Hiring data scientists skilled in machine learning and model deployment.,ML
Exciting opportunity for an NLP specialist to work on language models.,ML
We need a front-end developer proficient in React and Tailwind CSS.,UI
We need a quality assurance specialist with experience in JIRA and TestRail.,QA
Exciting opportunity for an NLP specialist to work on language models.,ML
Join our QA team to work on performance testing and test automation.,QA
Hiring web designers with expertise in Figma and Adobe XD.,UI
We are looking for an ML Engineer with experience in PyTorch and TensorFlow.,ML
"Join our team as a UI developer, working with Angular and TypeScript.",UI
Seeking a front-end engineer to optimize user interfaces for mobile apps.,UI
Hiring data scientists skilled in machine learning and model deployment.,ML
Looking for a software tester to perform manual and automated testing.,QA
Seeking a test engineer to develop end-to-end test frameworks.,QA
Seeking a test engineer to develop end-to-end test frameworks.,QA
Join our AI team to develop deep learning solutions for image recognition.,ML
Seeking ML experts with experience in LLM fine-tuning and embeddings.,ML
"Join our team as a UI developer, working with Angular and TypeScript.",UI
We need a quality assurance specialist with experience in JIRA and TestRail.,QA
We need a quality assurance specialist with experience in JIRA and TestRail.,QA
Seeking ML experts with experience in LLM fine-tuning and embeddings.,ML
Looking for a UI/UX designer to create intuitive user experiences.,UI
We need a front-end developer proficient in React and Tailwind CSS.,UI
Looking for a UI/UX designer to create intuitive user experiences.,UI
Hiring web designers with expertise in Figma and Adobe XD.,UI
Exciting opportunity for an NLP specialist to work on language models.,ML
We need a quality assurance specialist with experience in JIRA and TestRail.,QA
Join our QA team to work on performance testing and test automation.,QA
Seeking a test engineer to develop end-to-end test frameworks.,QA
Hiring data scientists skilled in machine learning and model deployment.,ML
We are looking for an ML Engineer with experience in PyTorch and TensorFlow.,ML
Looking for a UI/UX designer to create intuitive user experiences.,UI
Hiring QA engineers experienced in Selenium and automated testing.,QA
Looking for a UI/UX designer to create intuitive user experiences.,UI
Seeking a front-end engineer to optimize user interfaces for mobile apps.,UI
Seeking a front-end engineer to optimize user interfaces for mobile apps.,UI
We need a quality assurance specialist with experience in JIRA and TestRail.,QA
We need a front-end developer proficient in React and Tailwind CSS.,UI
Hiring web designers with expertise in Figma and Adobe XD.,UI
Looking for a software tester to perform manual and automated testing.,QA
Looking for a UI/UX designer to create intuitive user experiences.,UI
We are looking for an ML Engineer with experience in PyTorch and TensorFlow.,ML
Seeking ML experts with experience in LLM fine-tuning and embeddings.,ML
Seeking ML experts with experience in LLM fine-tuning and embeddings.,ML
Exciting opportunity for an NLP specialist to work on language models.,ML
Hiring web designers with expertise in Figma and Adobe XD.,UI
Join our QA team to work on performance testing and test automation.,QA
Seeking a front-end engineer to optimize user interfaces for mobile apps.,UI
Looking for a software tester to perform manual and automated testing.,QA
Seeking ML experts with experience in LLM fine-tuning and embeddings.,ML
Looking for a UI/UX designer to create intuitive user experiences.,UI
Exciting opportunity for an NLP specialist to work on language models.,ML
Looking for a software tester to perform manual and automated testing.,QA
Seeking ML experts with experience in LLM fine-tuning and embeddings.,ML
Hiring QA engineers experienced in Selenium and automated testing.,QA
"Join our team as a UI developer, working with Angular and TypeScript.",UI
Join our QA team to work on performance testing and test automation.,QA
Hiring web designers with expertise in Figma and Adobe XD.,UI
We need a front-end developer proficient in React and Tailwind CSS.,UI
We need a quality assurance specialist with experience in JIRA and TestRail.,QA
Join our AI team to develop deep learning solutions for image recognition.,ML
Exciting opportunity for an NLP specialist to work on language models.,ML
Hiring web designers with expertise in Figma and Adobe XD.,UI
Looking for a UI/UX designer to create intuitive user experiences.,UI
Seeking a test engineer to develop end-to-end test frameworks.,QA
We need a front-end developer proficient in React and Tailwind CSS.,UI
We need a quality assurance specialist with experience in JIRA and TestRail.,QA
Looking for a software tester to perform manual and automated testing.,QA
Join our AI team to develop deep learning solutions for image recognition.,ML
Hiring QA engineers experienced in JIRA and automated testing.,QA
We need a front-end developer proficient in Vue.js and React.,UI
We need a quality assurance specialist with experience in Appium and Cucumber.,QA
Seeking a front-end engineer with expertise in Angular and React.,UI
Join our QA team to ensure high-quality software with JIRA and Cucumber.,QA
Seeking a data engineer to build scalable ML pipelines with PyTorch.,ML
Hiring data scientists skilled in PyTorch and model deployment.,ML
Looking for a UI designer skilled in Angular and responsive design.,UI
Seeking a front-end engineer with expertise in Vue.js and Tailwind CSS.,UI
Hiring QA engineers experienced in TestRail and automated testing.,QA
We need a quality assurance specialist with experience in JIRA and Selenium.,QA
Seeking a test engineer to develop end-to-end test frameworks using JIRA.,QA
We need a quality assurance specialist with experience in Selenium and Appium.,QA
Hiring QA engineers experienced in TestRail and automated testing.,QA
Seeking a test engineer to develop end-to-end test frameworks using Selenium.,QA
Join our QA team to ensure high-quality software with Selenium and Cucumber.,QA
Join our QA team to ensure high-quality software with Cucumber and Selenium.,QA
Join our QA team to ensure high-quality software with Selenium and TestRail.,QA
Looking for a UI designer skilled in TypeScript and responsive design.,UI
We need a machine learning engineer experienced in PyTorch and TensorFlow.,ML
"Join our team as a UI developer, working with Vue.js and TypeScript.",UI
Hiring a UI/UX developer to create intuitive interfaces with Tailwind CSS.,UI
"Join our team as a data scientist, working on scikit-learn projects.",ML
We need a machine learning engineer experienced in Keras and PyTorch.,ML
Join our QA team to ensure high-quality software with Selenium and Cucumber.,QA
Looking for an ML specialist to develop predictive models using machine learning.,ML
Hiring a UI/UX developer to create intuitive interfaces with Vue.js.,UI
Seeking a test engineer to develop end-to-end test frameworks using Appium.,QA
Hiring data scientists skilled in Keras and model deployment.,ML
We need a front-end developer proficient in Tailwind CSS and Angular.,UI
Looking for a UI designer skilled in React and responsive design.,UI
Hiring QA engineers experienced in JIRA and automated testing.,QA
Hiring a UI/UX developer to create intuitive interfaces with React.,UI
We need a machine learning engineer experienced in PyTorch and machine learning.,ML
We need a front-end developer proficient in Angular and TypeScript.,UI
Seeking a test engineer to develop end-to-end test frameworks using JIRA.,QA
Hiring data scientists skilled in Keras and model deployment.,ML
Looking for a software tester to perform manual and automated testing with Selenium.,QA
Join our QA team to ensure high-quality software with TestRail and Selenium.,QA
Looking for an ML specialist to develop predictive models using Keras.,ML
Looking for a software tester to perform manual and automated testing with TestRail.,QA
"Join our team as a UI developer, working with Angular and TypeScript.",UI
Looking for a software tester to perform manual and automated testing with Cucumber.,QA
"Join our team as a UI developer, working with TypeScript and React.",UI
Seeking a test engineer to develop end-to-end test frameworks using Cucumber.,QA
Looking for an ML specialist to develop predictive models using machine learning.,ML
"Join our team as a UI developer, working with Tailwind CSS and Vue.js.",UI
We need a front-end developer proficient in Angular and TypeScript.,UI
Join our QA team to ensure high-quality software with JIRA and Cucumber.,QA
Hiring a UI/UX developer to create intuitive interfaces with Tailwind CSS.,UI
Seeking a front-end engineer with expertise in Vue.js and React.,UI
Seeking a data engineer to build scalable ML pipelines with machine learning.,ML
Hiring a UI/UX developer to create intuitive interfaces with React.,UI
We need a front-end developer proficient in TypeScript and Tailwind CSS.,UI
Seeking a test engineer to develop end-to-end test frameworks using Selenium.,QA
Hiring a UI/UX developer to create intuitive interfaces with Angular.,UI
Hiring data scientists skilled in scikit-learn and model deployment.,ML
Seeking a front-end engineer with expertise in Tailwind CSS and React.,UI
Seeking a data engineer to build scalable ML pipelines with machine learning.,ML
Seeking a data engineer to build scalable ML pipelines with TensorFlow.,ML
"Join our team as a UI developer, working with Angular and React.",UI
We need a machine learning engineer experienced in Keras and machine learning.,ML
Looking for an ML specialist to develop predictive models using scikit-learn.,ML
Hiring data scientists skilled in scikit-learn and model deployment.,ML
Join our QA team to ensure high-quality software with Cucumber and TestRail.,QA
Seeking a data engineer to build scalable ML pipelines with Keras.,ML
"Join our team as a data scientist, working on machine learning projects.",ML
Hiring data scientists skilled in TensorFlow and model deployment.,ML
Hiring QA engineers experienced in Appium and automated testing.,QA
Looking for a UI designer skilled in Angular and responsive design.,UI
We need a front-end developer proficient in Vue.js and Tailwind CSS.,UI
Seeking a front-end engineer with expertise in Vue.js and Angular.,UI
We need a front-end developer proficient in React and Vue.js.,UI
Seeking a front-end engineer with expertise in Vue.js and Angular.,UI
We need a front-end developer proficient in Tailwind CSS and TypeScript.,UI
We need a machine learning engineer experienced in scikit-learn and Keras.,ML
We need a machine learning engineer experienced in machine learning and TensorFlow.,ML
We need a front-end developer proficient in React and Angular.,UI
Hiring a UI/UX developer to create intuitive interfaces with Tailwind CSS.,UI
Looking for an ML specialist to develop predictive models using machine learning.,ML
Hiring QA engineers experienced in Cucumber and automated testing.,QA
Hiring data scientists skilled in PyTorch and model deployment.,ML
We need a machine learning engineer experienced in Keras and scikit-learn.,ML
Looking for an ML specialist to develop predictive models using TensorFlow.,ML
"Join our team as a UI developer, working with TypeScript and Vue.js.",UI
Hiring QA engineers experienced in TestRail and automated testing.,QA
Seeking a front-end engineer with expertise in TypeScript and React.,UI
Seeking a data engineer to build scalable ML pipelines with Keras.,ML
"Join our team as a UI developer, working with Vue.js and Angular.",UI
Seeking a front-end engineer with expertise in Angular and Tailwind CSS.,UI
We need a machine learning engineer experienced in machine learning and Keras.,ML
Join our QA team to ensure high-quality software with TestRail and Selenium.,QA
"Join our team as a UI developer, working with Tailwind CSS and Angular.",UI
Seeking a data engineer to build scalable ML pipelines with Keras.,ML
"Join our team as a UI developer, working with Vue.js and TypeScript.",UI
"Join our team as a data scientist, working on PyTorch projects.",ML
We need a machine learning engineer experienced in TensorFlow and PyTorch.,ML
Looking for a UI designer skilled in TypeScript and responsive design.,UI
Hiring data scientists skilled in Keras and model deployment.,ML
"Join our team as a data scientist, working on scikit-learn projects.",ML
Seeking a front-end engineer with expertise in Tailwind CSS and TypeScript.,UI
We need a front-end developer proficient in React and Vue.js.,UI
Seeking a front-end engineer with expertise in Angular and Vue.js.,UI
We need a quality assurance specialist with experience in TestRail and JIRA.,QA
Seeking a front-end engineer with expertise in TypeScript and Angular.,UI
Seeking a front-end engineer with expertise in TypeScript and React.,UI
Looking for a software tester to perform manual and automated testing with Cucumber.,QA
Looking for a UI designer skilled in Tailwind CSS and responsive design.,UI
Looking for a UI designer skilled in Tailwind CSS and responsive design.,UI
Seeking a test engineer to develop end-to-end test frameworks using JIRA.,QA
Hiring data scientists skilled in PyTorch and model deployment.,ML
We need a front-end developer proficient in Vue.js and Tailwind CSS.,UI
We need a machine learning engineer experienced in PyTorch and TensorFlow.,ML
Seeking a front-end engineer with expertise in Tailwind CSS and React.,UI
We need a front-end developer proficient in TypeScript and React.,UI
Hiring data scientists skilled in Keras and model deployment.,ML
Join our QA team to ensure high-quality software with JIRA and Cucumber.,QA
Looking for a UI designer skilled in TypeScript and responsive design.,UI
Seeking a data engineer to build scalable ML pipelines with PyTorch.,ML
We need a quality assurance specialist with experience in Selenium and JIRA.,QA
"Join our team as a UI developer, working with Angular and Tailwind CSS.",UI
Looking for a UI designer skilled in Tailwind CSS and responsive design.,UI
Seeking a front-end engineer with expertise in Tailwind CSS and Vue.js.,UI
Hiring a UI/UX developer to create intuitive interfaces with Tailwind CSS.,UI
"Join our team as a data scientist, working on machine learning projects.",ML
Join our QA team to ensure high-quality software with Cucumber and Selenium.,QA
Hiring a UI/UX developer to create intuitive interfaces with Angular.,UI
Hiring QA engineers experienced in Appium and automated testing.,QA
We need a machine learning engineer experienced in scikit-learn and PyTorch.,ML
We need a front-end developer proficient in Tailwind CSS and Angular.,UI
Looking for an ML specialist to develop predictive models using TensorFlow.,ML
We need a front-end developer proficient in React and Angular.,UI
Hiring a UI/UX developer to create intuitive interfaces with TypeScript.,UI
Hiring QA engineers experienced in JIRA and automated testing.,QA
We need a front-end developer proficient in React and TypeScript.,UI
Hiring QA engineers experienced in Selenium and automated testing.,QA
"Join our team as a UI developer, working with TypeScript and Vue.js.",UI
Hiring data scientists skilled in machine learning and model deployment.,ML
Looking for an ML specialist to develop predictive models using machine learning.,ML
We need a machine learning engineer experienced in scikit-learn and PyTorch.,ML
Seeking a test engineer to develop end-to-end test frameworks using Selenium.,QA
We need a front-end developer proficient in TypeScript and React.,UI
Seeking a front-end engineer with expertise in Angular and TypeScript.,UI
"Join our team as a data scientist, working on TensorFlow projects.",ML
Hiring QA engineers experienced in Appium and automated testing.,QA
Seeking a data engineer to build scalable ML pipelines with TensorFlow.,ML
We need a front-end developer proficient in Vue.js and Angular.,UI
Seeking a data engineer to build scalable ML pipelines with TensorFlow.,ML
Looking for a software tester to perform manual and automated testing with TestRail.,QA
Hiring a UI/UX developer to create intuitive interfaces with Tailwind CSS.,UI
Hiring QA engineers experienced in Appium and automated testing.,QA
Join our QA team to ensure high-quality software with Appium and JIRA.,QA
Seeking a front-end engineer with expertise in TypeScript and React.,UI
Hiring a UI/UX developer to create intuitive interfaces with Vue.js.,UI
Seeking a test engineer to develop end-to-end test frameworks using Cucumber.,QA
Join our QA team to ensure high-quality software with TestRail and Selenium.,QA
Looking for an ML specialist to develop predictive models using scikit-learn.,ML
Join our QA team to ensure high-quality software with JIRA and Selenium.,QA
Hiring a UI/UX developer to create intuitive interfaces with TypeScript.,UI
"Join our team as a data scientist, working on Keras projects.",ML
Looking for a UI designer skilled in Vue.js and responsive design.,UI
"Join our team as a UI developer, working with TypeScript and React.",UI
Looking for a UI designer skilled in TypeScript and responsive design.,UI
We need a front-end developer proficient in Vue.js and Tailwind CSS.,UI
Join our QA team to ensure high-quality software with TestRail and Selenium.,QA
"Join our team as a data scientist, working on PyTorch projects.",ML
Looking for an ML specialist to develop predictive models using scikit-learn.,ML
Looking for a UI designer skilled in Tailwind CSS and responsive design.,UI
Join our QA team to ensure high-quality software with Selenium and Cucumber.,QA
Looking for a UI designer skilled in React and responsive design.,UI
Hiring QA engineers experienced in TestRail and automated testing.,QA
We need a machine learning engineer experienced in PyTorch and machine learning.,ML
"Join our team as a data scientist, working on TensorFlow projects.",ML
Seeking a test engineer to develop end-to-end test frameworks using Selenium.,QA
Hiring data scientists skilled in scikit-learn and model deployment.,ML
Looking for a UI designer skilled in Tailwind CSS and responsive design.,UI
Looking for a UI designer skilled in Vue.js and responsive design.,UI
Seeking a data engineer to build scalable ML pipelines with PyTorch.,ML
Looking for a UI designer skilled in React and responsive design.,UI
Seeking a test engineer to develop end-to-end test frameworks using Appium.,QA
Seeking a front-end engineer with expertise in Angular and TypeScript.,UI
Seeking a test engineer to develop end-to-end test frameworks using JIRA.,QA
Seeking a front-end engineer with expertise in React and Angular.,UI
Seeking a test engineer to develop end-to-end test frameworks using Selenium.,QA
Looking for a UI designer skilled in Tailwind CSS and responsive design.,UI
Hiring a UI/UX developer to create intuitive interfaces with Vue.js.,UI
Looking for a UI designer skilled in Angular and responsive design.,UI
We need a quality assurance specialist with experience in Selenium and TestRail.,QA
Looking for a software tester to perform manual and automated testing with Cucumber.,QA
Seeking a data engineer to build scalable ML pipelines with TensorFlow.,ML
Seeking a data engineer to build scalable ML pipelines with machine learning.,ML
Hiring QA engineers experienced in JIRA and automated testing.,QA
"Join our team as a data scientist, working on machine learning projects.",ML
"Join our team as a UI developer, working with Angular and Tailwind CSS.",UI
Looking for an ML specialist to develop predictive models using PyTorch.,ML
We need a front-end developer proficient in React and Vue.js.,UI
We need a front-end developer proficient in Tailwind CSS and Vue.js.,UI
Hiring a UI/UX developer to create intuitive interfaces with TypeScript.,UI
Looking for a UI designer skilled in Angular and responsive design.,UI
Looking for a UI designer skilled in Tailwind CSS and responsive design.,UI
Hiring test automation specialists for API testing.,QA
Hiring test automation specialists for API testing.,QA
Seeking a front-end developer skilled in Vue.js and Bootstrap.,UI
Seeking data scientists with expertise in deep learning.,ML
Hiring quality engineers to ensure software reliability.,QA
Join our team as a UI engineer focusing on design systems.,UI
Hiring quality engineers to ensure software reliability.,QA
Looking for a React.js expert to optimize front-end performance.,UI
Looking for a QA tester with experience in Selenium.,QA
Hiring automation engineers to write test scripts in Python.,QA
Hiring ML ops engineers to streamline AI deployment.,ML
Join our QA team to improve continuous integration processes.,QA
Seeking a front-end developer skilled in Vue.js and Bootstrap.,UI
Join our AI research team to advance generative models.,ML
Join our UI/UX team to redesign e-commerce websites.,UI
Looking for a QA tester with experience in Selenium.,QA
Hiring Angular developers for enterprise applications.,UI
Seeking data scientists with expertise in deep learning.,ML
Looking for a QA tester with experience in Selenium.,QA
Join our team as a UI engineer focusing on design systems.,UI
Hiring UI/UX designers to create stunning web interfaces.,UI
Looking for a React.js expert to optimize front-end performance.,UI
We need QA engineers experienced in Cypress and Playwright.,QA
Looking for an AI researcher to improve large language models.,ML
Join our team as a UI engineer focusing on design systems.,UI
Seeking UI designers experienced in Figma and Sketch.,UI
Hiring ML engineers to build scalable AI models.,ML
Hiring quality engineers to ensure software reliability.,QA
Hiring ML ops engineers to streamline AI deployment.,ML
Hiring test automation specialists for API testing.,QA
Join our UI/UX team to redesign e-commerce websites.,UI
Looking for a React Native developer for mobile UI development.,UI
Join our team as a UI engineer focusing on design systems.,UI
Looking for an ML specialist to optimize recommendation systems.,ML
Join our AI research team to advance generative models.,ML
Hiring ML ops engineers to streamline AI deployment.,ML
Seeking data scientists with expertise in deep learning.,ML
Seeking data scientists with expertise in deep learning.,ML
Seeking software test engineers to work on embedded systems.,QA
Hiring automation engineers to write test scripts in Python.,QA
Looking for a QA tester with experience in Selenium.,QA
Hiring NLP engineers experienced in Hugging Face transformers.,ML
Looking for a QA tester with experience in Selenium.,QA
Looking for an ML specialist to optimize recommendation systems.,ML
Hiring automation engineers to write test scripts in Python.,QA
Hiring Angular developers for enterprise applications.,UI
Looking for a QA tester with experience in Selenium.,QA
Looking for a React.js expert to optimize front-end performance.,UI
"We need front-end developers proficient in HTML, CSS, and JavaScript.",UI
Looking for a React.js expert to optimize front-end performance.,UI
Join our UI/UX team to redesign e-commerce websites.,UI
Hiring test automation specialists for API testing.,QA
Seeking a software tester for mobile application testing.,QA
We need QA engineers experienced in Cypress and Playwright.,QA
Seeking UI designers experienced in Figma and Sketch.,UI
Hiring automation engineers to write test scripts in Python.,QA
We need QA engineers experienced in Cypress and Playwright.,QA
Hiring ML ops engineers to streamline AI deployment.,ML
We need QA analysts proficient in JIRA and Agile methodologies.,QA
Hiring ML ops engineers to streamline AI deployment.,ML
Looking for a QA tester with experience in Selenium.,QA
Hiring UI/UX designers to create stunning web interfaces.,UI
Hiring a front-end specialist for interactive dashboards.,UI
Looking for a React Native developer for mobile UI development.,UI
"We need front-end developers proficient in HTML, CSS, and JavaScript.",UI
Hiring automation engineers to write test scripts in Python.,QA
We need a deep learning expert for computer vision projects.,ML
Hiring NLP engineers experienced in Hugging Face transformers.,ML
Hiring NLP engineers experienced in Hugging Face transformers.,ML
Looking for a manual tester to validate UI components.,QA
We need QA analysts proficient in JIRA and Agile methodologies.,QA
Looking for a React.js expert to optimize front-end performance.,UI
Looking for an AI researcher to improve large language models.,ML
Join our QA team to improve continuous integration processes.,QA
Hiring UI/UX designers to create stunning web interfaces.,UI
Join our AI research team to advance generative models.,ML
"We need front-end developers proficient in HTML, CSS, and JavaScript.",UI
Hiring test automation specialists for API testing.,QA
Hiring automation engineers to write test scripts in Python.,QA
Looking for an AI researcher to improve large language models.,ML
Join our ML team to enhance fraud detection systems.,ML
Seeking reinforcement learning experts for robotics applications.,ML
We need QA analysts proficient in JIRA and Agile methodologies.,QA
We need QA analysts proficient in JIRA and Agile methodologies.,QA
Looking for a React Native developer for mobile UI development.,UI
Hiring quality engineers to ensure software reliability.,QA
Hiring UI/UX designers to create stunning web interfaces.,UI
Looking for a QA tester with experience in Selenium.,QA
Seeking a software tester for mobile application testing.,QA
Hiring Angular developers for enterprise applications.,UI
Looking for a QA tester with experience in Selenium.,QA
Looking for a QA tester with experience in Selenium.,QA
Join our ML team to enhance fraud detection systems.,ML
Looking for a manual tester to validate UI components.,QA
We need QA engineers experienced in Cypress and Playwright.,QA
"We need front-end developers proficient in HTML, CSS, and JavaScript.",UI
Hiring ML engineers to build scalable AI models.,ML
Looking for a React.js expert to optimize front-end performance.,UI
Hiring Angular developers for enterprise applications.,UI
Join our ML team to enhance fraud detection systems.,ML
Looking for an AI researcher to improve large language models.,ML
Seeking data scientists with expertise in deep learning.,ML
Join our QA team to improve continuous integration processes.,QA
Hiring test automation specialists for API testing.,QA
Looking for an AI researcher to improve large language models.,ML
Hiring Angular developers for enterprise applications.,UI
We need QA analysts proficient in JIRA and Agile methodologies.,QA
Looking for a QA tester with experience in Selenium.,QA
Join our UI/UX team to redesign e-commerce websites.,UI
We need QA analysts proficient in JIRA and Agile methodologies.,QA
Looking for an ML specialist to optimize recommendation systems.,ML
Seeking reinforcement learning experts for robotics applications.,ML
Seeking a software tester for mobile application testing.,QA
Looking for a React Native developer for mobile UI development.,UI
Hiring quality engineers to ensure software reliability.,QA
Looking for a React.js expert to optimize front-end performance.,UI
Hiring test automation specialists for API testing.,QA
Hiring test automation specialists for API testing.,QA
Seeking data scientists with expertise in deep learning.,ML
Looking for a React.js expert to optimize front-end performance.,UI
Hiring UI/UX designers to create stunning web interfaces.,UI
We need QA analysts proficient in JIRA and Agile methodologies.,QA
Looking for a manual tester to validate UI components.,QA
Hiring automation engineers to write test scripts in Python.,QA
Join our team as a UI engineer focusing on design systems.,UI
We need QA engineers experienced in Cypress and Playwright.,QA
Hiring UI/UX designers to create stunning web interfaces.,UI
Hiring Angular developers for enterprise applications.,UI
Seeking UI designers experienced in Figma and Sketch.,UI
Hiring quality engineers to ensure software reliability.,QA
Looking for an ML specialist to optimize recommendation systems.,ML
Hiring a front-end specialist for interactive dashboards.,UI
Hiring quality engineers to ensure software reliability.,QA
Hiring a front-end specialist for interactive dashboards.,UI
Hiring NLP engineers experienced in Hugging Face transformers.,ML
Hiring Angular developers for enterprise applications.,UI
Hiring NLP engineers experienced in Hugging Face transformers.,ML
Hiring quality engineers to ensure software reliability.,QA
Looking for an ML specialist to optimize recommendation systems.,ML
Hiring ML engineers to build scalable AI models.,ML
Hiring NLP engineers experienced in Hugging Face transformers.,ML
Join our team as a UI engineer focusing on design systems.,UI
Hiring quality engineers to ensure software reliability.,QA
We need QA analysts proficient in JIRA and Agile methodologies.,QA
Looking for a React.js expert to optimize front-end performance.,UI
Seeking reinforcement learning experts for robotics applications.,ML
Hiring ML ops engineers to streamline AI deployment.,ML
Hiring automation engineers to write test scripts in Python.,QA
Seeking a front-end developer skilled in Vue.js and Bootstrap.,UI
Hiring ML engineers to build scalable AI models.,ML
Hiring a front-end specialist for interactive dashboards.,UI
"We need front-end developers proficient in HTML, CSS, and JavaScript.",UI
Seeking data scientists with expertise in deep learning.,ML
Hiring a front-end specialist for interactive dashboards.,UI
Join our team as a UI engineer focusing on design systems.,UI
"We need front-end developers proficient in HTML, CSS, and JavaScript.",UI
Join our UI/UX team to redesign e-commerce websites.,UI
Hiring UI/UX designers to create stunning web interfaces.,UI
Join our UI/UX team to redesign e-commerce websites.,UI
Seeking data scientists with expertise in deep learning.,ML
Hiring ML engineers to build scalable AI models.,ML
We need a deep learning expert for computer vision projects.,ML
We need QA engineers experienced in Cypress and Playwright.,QA
Join our ML team to enhance fraud detection systems.,ML
Hiring UI/UX designers to create stunning web interfaces.,UI
Looking for an AI researcher to improve large language models.,ML
Seeking software test engineers to work on embedded systems.,QA
Seeking data scientists with expertise in deep learning.,ML
Hiring a front-end specialist for interactive dashboards.,UI
"We need front-end developers proficient in HTML, CSS, and JavaScript.",UI
Join our AI research team to advance generative models.,ML
Looking for a React Native developer for mobile UI development.,UI
Looking for a manual tester to validate UI components.,QA
Join our ML team to enhance fraud detection systems.,ML
Join our UI/UX team to redesign e-commerce websites.,UI
Seeking a front-end developer skilled in Vue.js and Bootstrap.,UI
Join our QA team to improve continuous integration processes.,QA
Join our ML team to enhance fraud detection systems.,ML
Seeking data scientists with expertise in deep learning.,ML
Join our QA team to improve continuous integration processes.,QA
Seeking a software tester for mobile application testing.,QA
We need QA analysts proficient in JIRA and Agile methodologies.,QA
Looking for a manual tester to validate UI components.,QA
Looking for a manual tester to validate UI components.,QA
Hiring Angular developers for enterprise applications.,UI
We need QA analysts proficient in JIRA and Agile methodologies.,QA
"We need front-end developers proficient in HTML, CSS, and JavaScript.",UI
Looking for a manual tester to validate UI components.,QA
Looking for a manual tester to validate UI components.,QA
We need a deep learning expert for computer vision projects.,ML
Hiring NLP engineers experienced in Hugging Face transformers.,ML
Looking for an ML specialist to optimize recommendation systems.,ML
Hiring UI/UX designers to create stunning web interfaces.,UI
"We need front-end developers proficient in HTML, CSS, and JavaScript.",UI
Seeking UI designers experienced in Figma and Sketch.,UI
We need QA engineers experienced in Cypress and Playwright.,QA
Join our team as a UI engineer focusing on design systems.,UI
Hiring quality engineers to ensure software reliability.,QA
Join our UI/UX team to redesign e-commerce websites.,UI
Hiring Angular developers for enterprise applications.,UI
